id,first_name,last_name,email,language,ip_address,shirt_size
1,Allx,O'Criane,aocriane0@un.org,Tajik,91.229.182.67,L
2,Bernetta,Lage,blage1@ocn.ne.jp,Georgian,147.230.62.122,XL
3,Alejandro,McMennum,amcmennum2@xing.com,Aymara,41.176.67.180,3XL
4,Lindsay,Oliva,loliva3@army.mil,Spanish,170.244.205.206,3XL
5,Lucius,Philbrook,lphilbrook4@uiuc.edu,Telugu,25.232.149.126,S
6,Vanni,Lindhe,vlindhe5@imageshack.us,Latvian,53.118.142.184,2XL
7,Eveline,Dorbon,edorbon6@unicef.org,Yiddish,0.211.81.152,L
8,Lynne,Lattka,llattka7@bandcamp.com,Fijian,243.225.73.38,L
9,Gloriane,Ribeiro,gribeiro8@symantec.com,Māori,123.131.114.52,XS
10,Eddy,Atwill,eatwill9@apache.org,Tetum,158.73.0.1,S
11,Sarita,Cobbing,scobbinga@vimeo.com,Bulgarian,69.204.255.168,M
12,Tedie,Salerg,tsalergb@columbia.edu,Catalan,223.169.206.217,2XL
13,Walden,Josum,wjosumc@csmonitor.com,Estonian,90.126.155.227,XS
14,Norah,Kinver,nkinverd@mit.edu,Northern Sotho,162.135.135.51,M
15,Ninette,Semark,nsemarke@microsoft.com,Malayalam,36.226.132.209,M
16,Early,Chaldecott,echaldecottf@chronoengine.com,Marathi,174.39.250.141,XL
17,Sayre,McNeilly,smcneillyg@omniture.com,Indonesian,175.179.86.141,XS
18,Aleda,Verrier,averrierh@newyorker.com,Zulu,150.109.44.197,M
19,Leora,Eastes,leastesi@disqus.com,Bosnian,253.186.195.112,M
20,Adelaida,Getley,agetleyj@sohu.com,Norwegian,186.95.168.135,L
21,Kaile,Ullett,kullettk@xing.com,Irish Gaelic,202.210.92.146,3XL
22,Edythe,Pawle,epawlel@instagram.com,Papiamento,205.95.237.206,XL
23,Garey,Norquay,gnorquaym@homestead.com,Indonesian,250.169.5.167,L
24,Eran,Camamile,ecamamilen@google.nl,Kashmiri,166.239.38.125,XL
25,Chlo,Kneel,ckneelo@joomla.org,English,189.18.17.201,3XL
26,Jobi,Erlam,jerlamp@123-reg.co.uk,Estonian,81.242.99.97,3XL
27,Wendall,Cady,wcadyq@tamu.edu,German,177.99.217.201,XS
28,Rickard,Mahody,rmahodyr@delicious.com,Zulu,190.205.222.144,XL
29,Judi,Maffetti,jmaffettis@jimdo.com,West Frisian,241.123.199.38,M
30,Maureene,Hartzogs,mhartzogst@army.mil,Quechua,9.182.103.204,L
31,Cassandre,Moulton,cmoultonu@hostgator.com,Filipino,19.226.49.114,3XL
32,Malynda,Eberlein,meberleinv@tumblr.com,Marathi,19.23.52.145,XS
33,Clarita,Denny,cdennyw@youku.com,Papiamento,213.142.64.239,L
34,Normy,De Vaux,ndevauxx@berkeley.edu,Chinese,79.16.110.215,3XL
35,Archy,Brownsell,abrownselly@miitbeian.gov.cn,Tsonga,133.140.96.251,S
36,Norine,Tomes,ntomesz@ezinearticles.com,Armenian,4.49.22.145,M
37,Nonah,Hackett,nhackett10@unesco.org,Dzongkha,180.239.250.200,3XL
38,Olga,Witherington,owitherington11@cdc.gov,Dhivehi,29.46.178.8,L
39,Alvie,Stollsteiner,astollsteiner12@nationalgeographic.com,Czech,139.226.149.56,S
40,Bernie,Sammars,bsammars13@bbc.co.uk,Punjabi,22.44.139.242,2XL
41,Ainsley,Searson,asearson14@dedecms.com,Thai,242.139.37.51,L
42,Marian,Ferney,mferney15@multiply.com,Aymara,167.227.181.140,2XL
43,Ortensia,Fassan,ofassan16@yelp.com,Oriya,101.37.79.154,S
44,Ariella,Willows,awillows17@weebly.com,Hungarian,175.52.60.35,M
45,Cora,Oakland,coakland18@icio.us,Irish Gaelic,111.16.55.4,L
46,Addy,Ever,aever19@marketwatch.com,Malay,70.96.4.200,S
47,Hilarius,Vidler,hvidler1a@latimes.com,Georgian,197.32.193.70,M
48,Wang,Da Costa,wdacosta1b@wikimedia.org,English,153.17.54.168,3XL
49,Carney,Camplin,ccamplin1c@msn.com,Northern Sotho,104.54.234.185,L
50,Dudley,Posselwhite,dposselwhite1d@google.com.br,Greek,93.52.36.207,M
51,Goddard,Haizelden,ghaizelden1e@ca.gov,Bislama,224.152.234.70,S
52,Thorin,Mattke,tmattke1f@prnewswire.com,Somali,216.120.88.120,3XL
53,Romonda,McKeefry,rmckeefry1g@live.com,Guaraní,33.101.44.50,XS
54,Leo,Sinclar,lsinclar1h@51.la,Afrikaans,209.24.183.198,XS
55,Meyer,Girsch,mgirsch1i@eepurl.com,Dari,229.118.1.110,XL
56,Emmalynne,Bowland,ebowland1j@admin.ch,Kurdish,22.221.100.174,2XL
57,Vally,Senchenko,vsenchenko1k@hp.com,Assamese,147.199.188.93,XS
58,Etan,Sagar,esagar1l@imdb.com,Macedonian,66.92.198.59,M
59,Demetris,Walshe,dwalshe1m@baidu.com,Dari,243.19.27.225,XL
60,Gilli,Koop,gkoop1n@smugmug.com,Japanese,80.16.98.13,S
61,Giordano,Ligertwood,gligertwood1o@reddit.com,Papiamento,86.78.54.227,XS
62,Agata,Whilder,awhilder1p@angelfire.com,Zulu,136.97.200.32,M
63,Corina,McAllaster,cmcallaster1q@weather.com,Italian,31.109.98.132,XL
64,Jacquenette,Gloyens,jgloyens1r@phpbb.com,Pashto,255.214.61.205,XL
65,Eryn,Wash,ewash1s@hhs.gov,New Zealand Sign Language,217.90.194.183,2XL
66,Rachel,Morten,rmorten1t@purevolume.com,Yiddish,185.153.77.5,XL
67,Felipe,Cotty,fcotty1u@virginia.edu,Kannada,122.200.139.115,XS
68,Nickie,Millis,nmillis1v@oakley.com,Spanish,183.168.240.121,XL
69,Christie,Pridie,cpridie1w@storify.com,Quechua,87.191.180.252,M
70,Wilt,Marques,wmarques1x@dedecms.com,Persian,124.11.2.85,XS
71,Curtice,McEwen,cmcewen1y@sfgate.com,Greek,47.187.155.166,S
72,Jada,Baynard,jbaynard1z@abc.net.au,Pashto,213.220.16.142,S
73,Katina,Littrell,klittrell20@statcounter.com,Catalan,132.241.250.52,L
74,Paulie,Brand-Hardy,pbrandhardy21@cyberchimps.com,Burmese,20.115.203.254,XS
75,Robbin,Shiel,rshiel22@salon.com,Macedonian,205.194.22.66,XS
76,Dionisio,Beggini,dbeggini23@desdev.cn,Georgian,43.201.182.128,3XL
77,Gordy,Petzolt,gpetzolt24@123-reg.co.uk,Malay,253.33.230.193,S
78,Derron,Brimmell,dbrimmell25@mtv.com,Belarusian,225.130.92.114,XL
79,Brandise,Ord,bord26@mysql.com,Arabic,245.143.153.17,S
80,Tammy,Lewson,tlewson27@hhs.gov,Oriya,96.228.248.9,2XL
81,Dolph,Gritsaev,dgritsaev28@seesaa.net,Hiri Motu,156.57.9.54,L
82,Cori,Lopez,clopez29@nifty.com,Chinese,52.156.130.127,M
83,Alanna,Shoebotham,ashoebotham2a@hud.gov,Sotho,180.27.220.214,M
84,Charo,Lorentz,clorentz2b@wordpress.org,Yiddish,240.51.80.63,3XL
85,Jolee,Want,jwant2c@ibm.com,Moldovan,226.93.86.202,L
86,Amitie,Donner,adonner2d@yale.edu,Swedish,6.237.49.123,S
87,Kaila,Buddle,kbuddle2e@nyu.edu,Gujarati,86.229.96.172,S
88,Cull,Chaffin,cchaffin2f@blogger.com,Greek,79.255.113.124,S
89,Toinette,McGarahan,tmcgarahan2g@weather.com,Quechua,64.77.158.136,XL
90,Barbara-anne,Grutchfield,bgrutchfield2h@va.gov,Icelandic,4.244.36.106,3XL
91,Layney,Innes,linnes2i@cbsnews.com,Sotho,47.40.77.255,XS
92,Ceciley,Castagnone,ccastagnone2j@themeforest.net,Azeri,78.193.20.18,XS
93,Frans,Arckoll,farckoll2k@domainmarket.com,Greek,74.59.149.67,3XL
94,Tirrell,Kings,tkings2l@bbb.org,Afrikaans,23.187.170.142,3XL
95,Geordie,Allott,gallott2m@independent.co.uk,Croatian,214.125.40.244,L
96,Igor,Labone,ilabone2n@tinypic.com,Spanish,161.157.204.245,3XL
97,Siana,Johananoff,sjohananoff2o@is.gd,Hungarian,65.162.199.245,XL
98,Rochester,Giroldi,rgiroldi2p@livejournal.com,Afrikaans,148.162.61.140,2XL
99,Mureil,Gisbey,mgisbey2q@wix.com,Chinese,143.24.83.175,XL
100,Jocelyn,Fairlam,jfairlam2r@icq.com,Finnish,99.141.62.59,2XL
101,Stanislaus,Senchenko,ssenchenko2s@census.gov,Catalan,0.143.42.136,XS
102,Waly,Andresen,wandresen2t@ezinearticles.com,Catalan,52.25.103.45,S
103,Amara,Shenley,ashenley2u@psu.edu,Luxembourgish,206.219.175.136,XL
104,Cob,Bristowe,cbristowe2v@ning.com,Northern Sotho,222.154.78.173,XS
105,Sergei,Reade,sreade2w@histats.com,Portuguese,11.233.71.195,XS
106,Midge,Gabbotts,mgabbotts2x@amazon.co.uk,Papiamento,48.16.36.26,M
107,Georgette,Ruberti,gruberti2y@timesonline.co.uk,Guaraní,96.18.10.57,2XL
108,Dominick,Sor,dsor2z@phpbb.com,Montenegrin,215.73.180.103,XS
109,Judd,Conrad,jconrad30@creativecommons.org,Tswana,62.183.36.131,XL
110,Herrick,Aers,haers31@prweb.com,Hebrew,213.249.164.175,XL
111,Rainer,Biesty,rbiesty32@sogou.com,Tetum,136.234.185.31,2XL
112,Angy,Vicar,avicar33@spotify.com,Persian,159.14.53.144,M
113,Muhammad,Borg,mborg34@elegantthemes.com,Montenegrin,42.234.79.107,3XL
114,Faye,Popelay,fpopelay35@liveinternet.ru,Maltese,17.189.218.136,3XL
115,Janean,Spinetti,jspinetti36@nature.com,Spanish,23.221.87.199,XL
116,Charisse,Fitzroy,cfitzroy37@moonfruit.com,Macedonian,32.46.129.190,M
117,Rowen,Mocquer,rmocquer38@arizona.edu,Hebrew,238.243.107.215,XL
118,Reece,Oxterby,roxterby39@diigo.com,Tetum,21.86.164.19,XS
119,Sanderson,Chatell,schatell3a@twitter.com,Gujarati,5.190.111.167,XS
120,Freddi,Van den Velden,fvandenvelden3b@google.com.au,Ndebele,143.13.203.163,2XL
121,Aristotle,Kingswood,akingswood3c@ed.gov,German,98.138.156.91,M
122,Colby,Guillerman,cguillerman3d@ask.com,Dhivehi,80.33.181.193,S
123,Christin,Lubomirski,clubomirski3e@forbes.com,Lao,216.238.63.71,2XL
124,Anastasia,Spafford,aspafford3f@printfriendly.com,German,191.118.43.21,2XL
125,Urbain,Piecha,upiecha3g@wufoo.com,Malagasy,45.172.218.165,XL
126,Odey,Kondratenko,okondratenko3h@sohu.com,Kazakh,155.184.38.31,3XL
127,Alene,Mendus,amendus3i@exblog.jp,Assamese,10.176.234.115,2XL
128,Hillary,De Hoogh,hdehoogh3j@posterous.com,Gagauz,230.31.139.27,S
129,Beauregard,Darbey,bdarbey3k@blogspot.com,Quechua,128.135.201.210,S
130,Carmen,Nassy,cnassy3l@cdc.gov,Dhivehi,144.144.60.177,L
131,Melisent,Ramiro,mramiro3m@unicef.org,Lao,211.53.86.215,2XL
132,Cristina,Hinsch,chinsch3n@uol.com.br,Somali,71.15.192.99,M
133,Bogey,Chamberlain,bchamberlain3o@zimbio.com,Fijian,224.162.137.108,L
134,Hettie,Studart,hstudart3p@i2i.jp,Zulu,187.234.154.47,XL
135,Douglass,Solan,dsolan3q@intel.com,Swedish,124.5.80.143,XL
136,Marc,Vanderson,mvanderson3r@blogger.com,Filipino,46.24.25.219,S
137,Gretta,Binch,gbinch3s@theguardian.com,Portuguese,191.211.157.118,L
138,Gilbertine,Minear,gminear3t@cpanel.net,Māori,228.132.159.254,3XL
139,Alberta,Veltmann,aveltmann3u@fc2.com,Tetum,196.219.68.247,M
140,Tootsie,Devers,tdevers3v@lycos.com,Danish,236.125.49.22,S
141,Anetta,Sarch,asarch3w@dyndns.org,Irish Gaelic,254.39.110.88,XS
142,Milly,Gibbens,mgibbens3x@goo.gl,Bislama,43.144.79.191,2XL
143,Alayne,Stockey,astockey3y@yandex.ru,Kashmiri,204.148.128.106,3XL
144,Latrina,Drackford,ldrackford3z@marriott.com,Hebrew,56.110.195.142,XL
145,Minne,Elion,melion40@qq.com,Haitian Creole,201.175.111.112,M
146,Devland,Fox,dfox41@pen.io,Korean,3.255.149.78,XS
147,Conrado,Blakeston,cblakeston42@freewebs.com,Mongolian,6.42.110.125,M
148,Doro,Orridge,dorridge43@google.de,Malayalam,125.230.174.143,L
149,Mohandis,Sidle,msidle44@homestead.com,Hiri Motu,218.12.97.232,XL
150,Shaina,Geekie,sgeekie45@trellian.com,Spanish,112.57.102.31,3XL
151,Udall,Baudi,ubaudi46@mayoclinic.com,Mongolian,93.140.76.133,3XL
152,Yorker,Sedgemore,ysedgemore47@aboutads.info,Tok Pisin,119.179.204.154,L
153,Ulick,Silson,usilson48@theatlantic.com,Moldovan,235.180.196.135,2XL
154,Kathi,Humberstone,khumberstone49@google.com,Nepali,79.235.110.221,XL
155,Lexine,Claus,lclaus4a@pagesperso-orange.fr,Romanian,127.156.224.177,S
156,Shep,Warrell,swarrell4b@mtv.com,Kyrgyz,54.73.163.245,XS
157,Judas,Cossum,jcossum4c@nbcnews.com,Thai,97.212.77.134,XL
158,Brew,Shrubb,bshrubb4d@dmoz.org,Swati,90.78.211.208,3XL
159,Maxy,Torfin,mtorfin4e@mlb.com,Assamese,97.157.191.95,XS
160,Torey,Milesap,tmilesap4f@skype.com,Malayalam,20.134.29.163,XL
161,Teddi,Asbrey,tasbrey4g@imgur.com,Pashto,204.251.145.223,L
162,Elisa,Siverns,esiverns4h@nytimes.com,Aymara,223.168.68.106,2XL
163,Winslow,Padgham,wpadgham4i@1und1.de,Hungarian,232.41.162.153,XS
164,Sonia,Dunmuir,sdunmuir4j@aboutads.info,Macedonian,212.135.215.123,S
165,Tommi,Marthen,tmarthen4k@blog.com,Kazakh,58.21.163.203,2XL
166,Tiena,Toppes,ttoppes4l@list-manage.com,Assamese,107.97.174.136,3XL
167,Salvatore,Slocumb,sslocumb4m@icio.us,French,57.164.99.33,L
168,Nettie,Fogel,nfogel4n@vimeo.com,Tetum,229.230.161.122,L
169,Esther,Romao,eromao4o@google.it,Bislama,50.195.154.121,M
170,Isis,Roderham,iroderham4p@aol.com,Hungarian,142.236.167.234,XS
171,Vanessa,Melin,vmelin4q@mysql.com,Irish Gaelic,178.214.237.29,M
172,Erin,Blaksley,eblaksley4r@github.com,Moldovan,56.53.139.175,L
173,Peter,Fellow,pfellow4s@dropbox.com,Macedonian,161.106.44.222,3XL
174,Gerhardine,Dundendale,gdundendale4t@pen.io,Nepali,213.25.54.142,3XL
175,Ferdy,Hemms,fhemms4u@weibo.com,Tajik,159.145.130.38,XS
176,Lian,Whittuck,lwhittuck4v@clickbank.net,Kurdish,118.157.186.75,3XL
177,Lucita,MacLleese,lmaclleese4w@over-blog.com,Bengali,70.63.116.110,L
178,Beverlee,Propper,bpropper4x@google.co.jp,Bulgarian,46.132.142.162,M
179,Ailyn,Tolomelli,atolomelli4y@wufoo.com,Bengali,183.164.223.62,3XL
180,Laina,Safe,lsafe4z@google.ca,Azeri,38.83.110.216,S
181,Maybelle,Scoggan,mscoggan50@yellowbook.com,Kashmiri,51.99.107.40,M
182,Lesly,Allington,lallington51@networksolutions.com,Catalan,236.214.152.102,L
183,Niki,Gowar,ngowar52@apache.org,Tetum,36.155.140.25,L
184,Sherie,Secret,ssecret53@tumblr.com,Kurdish,149.37.111.244,M
185,Hillary,Fewings,hfewings54@ed.gov,Dari,237.153.164.103,M
186,Karine,Proppers,kproppers55@imgur.com,Maltese,217.112.200.154,S
187,Nadean,Follit,nfollit56@msu.edu,Punjabi,219.214.198.191,L
188,Lea,Dewing,ldewing57@nps.gov,New Zealand Sign Language,131.79.84.31,S
189,Marin,Durgan,mdurgan58@creativecommons.org,Dhivehi,124.34.98.225,XS
190,Florian,Burchard,fburchard59@java.com,Albanian,109.251.196.96,L
191,Brit,McClymond,bmcclymond5a@army.mil,Yiddish,108.195.240.225,2XL
192,Sherrie,Tarplee,starplee5b@smugmug.com,Azeri,118.156.246.167,3XL
193,Huntlee,Vandrill,hvandrill5c@free.fr,Irish Gaelic,119.219.82.59,L
194,Merrel,D'Hooghe,mdhooghe5d@xinhuanet.com,Danish,18.237.116.136,XS
195,Holden,Stenet,hstenet5e@umich.edu,Burmese,225.129.24.110,S
196,Abbey,Solman,asolman5f@edublogs.org,Somali,149.61.36.65,3XL
197,Glory,Carnell,gcarnell5g@mashable.com,Moldovan,136.42.71.255,XS
198,Ellene,Dowda,edowda5h@pcworld.com,Burmese,136.130.244.41,3XL
199,Nan,Flaverty,nflaverty5i@e-recht24.de,Albanian,32.209.79.82,XS
200,Mike,Grigoryev,mgrigoryev5j@soundcloud.com,Chinese,20.121.144.11,M
201,Rayshell,Leal,rleal5k@mit.edu,Estonian,251.120.185.73,L
202,Briano,Lovart,blovart5l@hatena.ne.jp,Hebrew,104.119.43.43,XL
203,Melloney,Ogley,mogley5m@berkeley.edu,Irish Gaelic,29.108.137.114,M
204,Borg,Benner,bbenner5n@plala.or.jp,Pashto,215.162.158.167,2XL
205,Siobhan,Gutridge,sgutridge5o@blogspot.com,Kannada,47.226.91.158,XL
206,Kennie,Lucchi,klucchi5p@geocities.jp,Punjabi,115.248.8.76,M
207,Eunice,Shave,eshave5q@forbes.com,Czech,30.238.221.187,XL
208,Lin,Farfalameev,lfarfalameev5r@bizjournals.com,Irish Gaelic,138.166.193.250,2XL
209,Tilda,Leaf,tleaf5s@zimbio.com,Dhivehi,24.98.150.123,XL
210,Haily,Fronzek,hfronzek5t@chicagotribune.com,Mongolian,247.135.177.210,XL
211,Carce,McMeanma,cmcmeanma5u@oakley.com,Dutch,211.51.224.185,M
212,Brenn,Jillins,bjillins5v@symantec.com,Malagasy,95.210.211.110,XL
213,Catrina,Spridgen,cspridgen5w@smugmug.com,Lao,241.64.216.100,L
214,Lay,Trimming,ltrimming5x@liveinternet.ru,Bislama,43.102.93.111,S
215,Terry,Bridgement,tbridgement5y@cloudflare.com,Northern Sotho,84.245.63.233,M
216,Flss,Wasmuth,fwasmuth5z@ocn.ne.jp,French,0.74.27.243,M
217,Forest,McVitie,fmcvitie60@narod.ru,Bislama,44.71.230.206,XS
218,Farra,Lygoe,flygoe61@amazon.com,Catalan,148.119.58.3,3XL
219,Thibaut,Winthrop,twinthrop62@princeton.edu,Māori,134.8.135.196,L
220,Fifine,Belton,fbelton63@msu.edu,French,60.194.41.239,XS
221,Gaylene,Dmitrievski,gdmitrievski64@moonfruit.com,Tsonga,102.9.199.219,XS
222,Rosemonde,Duding,rduding65@furl.net,Somali,58.141.103.165,L
223,Natalee,Hansie,nhansie66@surveymonkey.com,Finnish,251.210.72.48,M
224,Haleigh,Esslemont,hesslemont67@bizjournals.com,Romanian,208.194.212.149,S
225,Yolande,McGriele,ymcgriele68@mozilla.com,Luxembourgish,113.154.191.76,M
226,Phyllida,Bausmann,pbausmann69@rambler.ru,Burmese,165.86.241.77,S
227,Randee,Fossey,rfossey6a@huffingtonpost.com,Tsonga,22.100.187.70,XL
228,Loutitia,Senett,lsenett6b@nsw.gov.au,Khmer,0.198.131.229,XS
229,Alden,Lackner,alackner6c@berkeley.edu,Aymara,11.1.206.168,S
230,Nicoli,Stoller,nstoller6d@soup.io,Filipino,253.130.170.241,XL
231,Monte,Ballantine,mballantine6e@parallels.com,Tsonga,19.85.91.112,3XL
232,Danell,Cotsford,dcotsford6f@blog.com,Quechua,163.242.238.210,S
233,Barbi,Aldam,baldam6g@hp.com,Gagauz,34.99.152.238,L
234,Christan,Peace,cpeace6h@posterous.com,Swahili,109.197.9.133,XS
235,Mariana,Jelleman,mjelleman6i@vistaprint.com,Luxembourgish,237.105.45.81,XS
236,Bess,Cormode,bcormode6j@marketwatch.com,Arabic,110.91.61.49,L
237,Neddie,Klimecki,nklimecki6k@myspace.com,Kyrgyz,213.13.25.6,XL
238,Danni,Physic,dphysic6l@cloudflare.com,Dhivehi,89.251.219.221,3XL
239,Dermot,Trounson,dtrounson6m@aol.com,Tsonga,174.142.40.70,L
240,Velvet,Loftie,vloftie6n@jiathis.com,Ndebele,45.209.239.75,XL
241,Tiffanie,Darnody,tdarnody6o@usda.gov,Somali,95.42.84.63,L
242,Nariko,Woodstock,nwoodstock6p@businessinsider.com,Swati,126.220.109.173,S
243,Shelden,Trengrove,strengrove6q@skyrock.com,Māori,175.23.218.130,XL
244,Clair,Codeman,ccodeman6r@sbwire.com,Mongolian,188.156.178.38,2XL
245,King,Dmitrienko,kdmitrienko6s@meetup.com,Persian,31.17.133.165,XL
246,Craggie,Bricham,cbricham6t@craigslist.org,Mongolian,233.57.234.72,3XL
247,Dimitry,Erskine Sandys,derskinesandys6u@mozilla.com,Bosnian,107.114.174.129,L
248,Robinia,Guage,rguage6v@tuttocitta.it,Georgian,46.155.250.107,L
249,Graehme,Donwell,gdonwell6w@usnews.com,Georgian,71.9.79.58,2XL
250,Alon,Reeme,areeme6x@homestead.com,Indonesian,86.169.143.118,M
251,Papagena,Igounet,pigounet6y@earthlink.net,Zulu,33.3.240.43,L
252,Dorian,Bason,dbason6z@list-manage.com,Korean,242.37.48.127,S
253,Alyss,Fere,afere70@earthlink.net,Danish,42.217.7.48,2XL
254,Tiffany,Paal,tpaal71@wikia.com,French,103.49.247.177,2XL
255,Theobald,Halesworth,thalesworth72@ucla.edu,Fijian,164.235.95.79,3XL
256,Orland,Ledingham,oledingham73@skyrock.com,Malayalam,51.197.38.44,XL
257,Netty,Rivalant,nrivalant74@theguardian.com,Khmer,237.255.30.34,3XL
258,Ariel,Corradino,acorradino75@mail.ru,Punjabi,202.6.137.193,3XL
259,Joyan,Prebble,jprebble76@hhs.gov,Italian,16.212.106.96,XL
260,Levin,Price,lprice77@webeden.co.uk,Croatian,119.6.21.110,S
261,Lynsey,Benettini,lbenettini78@digg.com,Gagauz,254.147.97.184,XL
262,Mahala,Siddele,msiddele79@tripod.com,Latvian,110.164.110.171,XS
263,Alisa,Greiswood,agreiswood7a@acquirethisname.com,Somali,36.232.121.76,XL
264,Glyn,Cousans,gcousans7b@icq.com,Papiamento,90.130.30.172,M
265,Blancha,Waugh,bwaugh7c@wordpress.com,Polish,93.71.221.30,XL
266,Bettye,Gariff,bgariff7d@comcast.net,Tswana,18.219.213.77,S
267,Ddene,Madrell,dmadrell7e@trellian.com,Romanian,131.8.66.23,M
268,Catharina,Humm,chumm7f@qq.com,Hungarian,37.249.15.44,L
269,Demetra,Feare,dfeare7g@npr.org,Nepali,255.58.134.72,S
270,Elvyn,Course,ecourse7h@google.com.br,Hiri Motu,159.246.62.43,2XL
271,Davon,Bootland,dbootland7i@mtv.com,Assamese,142.208.43.119,3XL
272,Mace,Galloway,mgalloway7j@booking.com,Arabic,106.119.169.98,L
273,Neala,Junifer,njunifer7k@wired.com,Romanian,100.238.107.121,3XL
274,Clerissa,Snelgrove,csnelgrove7l@usa.gov,English,12.249.211.122,XS
275,Sawyer,Hinstock,shinstock7m@51.la,Catalan,94.81.198.131,XS
276,Ashleigh,Serridge,aserridge7n@vkontakte.ru,Czech,247.98.137.213,S
277,See,Cavanaugh,scavanaugh7o@networksolutions.com,Aymara,48.65.5.240,S
278,Ame,Truin,atruin7p@mit.edu,Korean,61.209.118.97,2XL
279,Gilles,Dolbey,gdolbey7q@npr.org,Sotho,198.147.179.55,S
280,Anthia,Claypoole,aclaypoole7r@com.com,Indonesian,105.70.58.79,XS
281,Esme,Piers,epiers7s@sourceforge.net,Kannada,99.165.76.51,L
282,Nahum,Adamson,nadamson7t@wp.com,Oriya,2.159.10.100,S
283,Nestor,Tasker,ntasker7u@usnews.com,Burmese,253.134.84.149,L
284,Teddy,Aldington,taldington7v@squarespace.com,Armenian,27.132.252.221,XL
285,Linn,Harbidge,lharbidge7w@hp.com,Oriya,44.85.55.138,2XL
286,Magdalen,Willshear,mwillshear7x@japanpost.jp,Lao,1.193.93.10,3XL
287,Linoel,Haughin,lhaughin7y@cnn.com,Georgian,65.202.222.203,2XL
288,Wiley,Williscroft,wwilliscroft7z@redcross.org,Norwegian,116.216.20.33,S
289,Quinton,Petrosian,qpetrosian80@barnesandnoble.com,Czech,203.186.73.22,3XL
290,Kalie,Emerine,kemerine81@cdbaby.com,Lithuanian,46.82.37.121,L
291,Luelle,Kelledy,lkelledy82@so-net.ne.jp,Tswana,104.132.235.52,L
292,Bertha,Lilloe,blilloe83@google.es,West Frisian,80.185.16.128,XS
293,Berti,Artiss,bartiss84@shop-pro.jp,Malayalam,14.227.195.185,XL
294,Ammamaria,Reckhouse,areckhouse85@people.com.cn,Afrikaans,220.154.238.72,XS
295,Cointon,Warters,cwarters86@goo.gl,Hebrew,41.53.123.215,2XL
296,Wilden,Semiras,wsemiras87@miitbeian.gov.cn,Sotho,107.241.71.107,L
297,Huey,Fessions,hfessions88@gnu.org,Tetum,104.12.230.116,S
298,Elyse,Reams,ereams89@sina.com.cn,Malayalam,221.15.189.95,XS
299,Winnifred,Grocock,wgrocock8a@cyberchimps.com,Bislama,163.101.215.95,M
300,Troy,Ianno,tianno8b@accuweather.com,Quechua,135.184.206.8,XL
301,Franni,Leamon,fleamon8c@cpanel.net,Lithuanian,103.235.29.22,3XL
302,Eva,MacSween,emacsween8d@dailymotion.com,Telugu,27.224.27.98,L
303,Yankee,Feary,yfeary8e@mac.com,Amharic,197.179.69.157,3XL
304,Avigdor,Bright,abright8f@google.it,Papiamento,251.66.138.185,XS
305,Donall,Forward,dforward8g@github.com,Tsonga,155.53.89.136,XS
306,Lilia,Rebanks,lrebanks8h@macromedia.com,Latvian,140.65.176.22,3XL
307,Holly,Meyrick,hmeyrick8i@weibo.com,Armenian,100.147.133.24,3XL
308,Didi,Stanistreet,dstanistreet8j@macromedia.com,Sotho,195.176.47.100,XL
309,Quentin,Camfield,qcamfield8k@g.co,Oriya,39.138.32.57,M
310,Thatch,Ivannikov,tivannikov8l@google.it,Norwegian,107.67.152.41,XL
311,Crissy,Corteney,ccorteney8m@businessinsider.com,Bulgarian,144.212.216.133,XS
312,Madelyn,Khomin,mkhomin8n@bbb.org,Gujarati,202.235.124.240,XS
313,Fred,Gudge,fgudge8o@java.com,Georgian,74.89.192.37,3XL
314,Mendie,Ramsden,mramsden8p@youku.com,Persian,253.192.115.146,L
315,Zach,Curee,zcuree8q@mediafire.com,Thai,144.247.206.24,M
316,Barty,Everitt,beveritt8r@ebay.com,Gujarati,53.103.182.246,L
317,Kiersten,Fenners,kfenners8s@microsoft.com,Korean,86.154.3.155,S
318,Jedd,Blakey,jblakey8t@ftc.gov,Burmese,54.220.1.220,3XL
319,Susanna,Czaja,sczaja8u@spiegel.de,Albanian,74.90.183.60,XL
320,Melly,Volett,mvolett8v@tamu.edu,Marathi,95.159.170.68,L
321,Nathanil,Reddan,nreddan8w@163.com,Latvian,62.102.167.226,L
322,Jareb,Yitzhakov,jyitzhakov8x@independent.co.uk,Malagasy,37.39.201.131,S
323,Amandi,Hamblin,ahamblin8y@nyu.edu,Nepali,170.219.221.145,XL
324,Judi,Lantuff,jlantuff8z@webnode.com,Dari,172.115.136.18,M
325,Muriel,Spurge,mspurge90@ft.com,Spanish,152.246.64.218,S
326,Rebecca,Maskew,rmaskew91@dailymotion.com,Quechua,187.48.230.137,XL
327,Alexi,Mapledoram,amapledoram92@nytimes.com,Nepali,82.95.243.227,3XL
328,Regan,Turmel,rturmel93@mysql.com,Hindi,99.204.122.96,2XL
329,Antons,Scatchard,ascatchard94@bloomberg.com,Lao,128.221.70.205,2XL
330,Kingsley,Drennan,kdrennan95@unesco.org,Montenegrin,139.86.147.231,L
331,Camey,Fawlkes,cfawlkes96@ehow.com,Ndebele,52.32.185.34,2XL
332,Kimbra,Mockett,kmockett97@gmpg.org,Guaraní,103.202.240.23,3XL
333,Kerry,Lesly,klesly98@mashable.com,Gujarati,206.22.94.148,3XL
334,Kennith,Whates,kwhates99@slate.com,Assamese,157.59.42.234,XL
335,Alexina,Bonniface,abonniface9a@biglobe.ne.jp,Oriya,79.42.162.218,S
336,Dorris,Jinks,djinks9b@livejournal.com,Belarusian,177.220.138.226,S
337,Ann-marie,Walley,awalley9c@bbc.co.uk,Telugu,190.52.88.122,S
338,Rodie,Rowlands,rrowlands9d@cdc.gov,English,151.217.145.169,L
339,Kaila,Toombes,ktoombes9e@so-net.ne.jp,Catalan,71.160.178.197,3XL
340,Jayson,Samwell,jsamwell9f@instagram.com,Hiri Motu,170.7.202.237,3XL
341,Ferdy,Murby,fmurby9g@xrea.com,Maltese,80.101.96.1,2XL
342,Nye,Coats,ncoats9h@mtv.com,Telugu,63.44.237.110,M
343,Justine,Sillito,jsillito9i@google.es,Thai,218.75.25.190,XL
344,Louisa,Beartup,lbeartup9j@elpais.com,Filipino,176.193.115.230,M
345,Susan,Swaite,sswaite9k@virginia.edu,Latvian,150.194.55.181,L
346,Shelagh,Killoran,skilloran9l@acquirethisname.com,Montenegrin,132.200.71.195,XL
347,Freddie,Whysall,fwhysall9m@t-online.de,Kazakh,249.134.124.29,XL
348,Allyce,Filinkov,afilinkov9n@furl.net,Hungarian,44.68.238.15,2XL
349,Duncan,Ransfield,dransfield9o@symantec.com,Mongolian,239.205.200.227,2XL
350,Nickola,Tennison,ntennison9p@ustream.tv,Dhivehi,36.245.171.64,M
351,Harrietta,Licciardo,hlicciardo9q@stumbleupon.com,Hiri Motu,17.167.241.151,L
352,Romona,Yakunikov,ryakunikov9r@furl.net,Latvian,106.17.174.66,3XL
353,Vonni,Lawey,vlawey9s@tinypic.com,Azeri,148.189.154.76,L
354,Tucker,Fuzzens,tfuzzens9t@paypal.com,Hungarian,108.171.178.214,L
355,Bartram,Werrett,bwerrett9u@shareasale.com,Greek,147.77.6.87,M
356,Wrennie,Lehrer,wlehrer9v@pbs.org,Dzongkha,201.88.62.31,2XL
357,Annette,Toffanelli,atoffanelli9w@uiuc.edu,Tswana,20.26.94.81,2XL
358,Graeme,MacVanamy,gmacvanamy9x@ebay.co.uk,Amharic,28.16.94.53,L
359,Lani,Buckby,lbuckby9y@smh.com.au,Malay,10.241.84.182,XL
360,Deeann,Kivelhan,dkivelhan9z@china.com.cn,Maltese,59.22.10.7,L
361,Harmonie,Ayrs,hayrsa0@wired.com,Northern Sotho,201.13.15.204,M
362,Ximenes,Goering,xgoeringa1@samsung.com,Thai,252.140.39.125,S
363,Nolana,Tubbles,ntubblesa2@npr.org,Khmer,203.104.155.123,2XL
364,Gilberta,Randerson,grandersona3@etsy.com,Montenegrin,163.13.234.192,S
365,Lee,Barzen,lbarzena4@slate.com,Kannada,58.166.111.170,L
366,Marcy,Nockles,mnocklesa5@baidu.com,New Zealand Sign Language,115.71.229.200,XL
367,Farleigh,Snaddon,fsnaddona6@jimdo.com,Catalan,142.146.106.248,L
368,Ruggiero,Andresser,randressera7@ed.gov,Portuguese,38.100.69.136,S
369,Stephen,Habbijam,shabbijama8@so-net.ne.jp,Nepali,249.74.42.247,S
370,Sascha,Kennan,skennana9@joomla.org,Assamese,86.178.118.126,2XL
371,Babette,Lamming,blammingaa@tinypic.com,Telugu,78.66.58.167,2XL
372,Klaus,Greatbatch,kgreatbatchab@hatena.ne.jp,Kannada,186.230.168.172,XS
373,Shantee,Mizzi,smizziac@gmpg.org,Dutch,63.218.12.92,S
374,Freemon,Sidnell,fsidnellad@w3.org,Lao,46.219.60.154,3XL
375,Jillayne,Ormistone,jormistoneae@ehow.com,Tajik,241.107.189.40,3XL
376,Gerome,Kennerley,gkennerleyaf@china.com.cn,Georgian,194.100.108.124,S
377,Elbert,Eingerfield,eeingerfieldag@cam.ac.uk,Filipino,39.117.145.118,S
378,Harley,Drennan,hdrennanah@engadget.com,Hebrew,127.164.226.206,2XL
379,Johan,Mish,jmishai@moonfruit.com,New Zealand Sign Language,103.199.122.67,2XL
380,Starr,Casebourne,scasebourneaj@furl.net,Catalan,237.145.210.114,XS
381,Adair,Goodsall,agoodsallak@addtoany.com,Khmer,67.21.162.152,S
382,Eolande,Bosden,ebosdenal@umn.edu,Bislama,56.20.85.123,2XL
383,Lexie,Clacson,lclacsonam@senate.gov,Bulgarian,224.27.205.17,2XL
384,Ichabod,Wonter,iwonteran@slashdot.org,Khmer,167.72.237.235,S
385,Mommy,Kitto,mkittoao@usnews.com,Malayalam,13.95.230.84,S
386,Anne-corinne,Glasebrook,aglasebrookap@behance.net,Swedish,236.157.184.159,XL
387,Fay,Silley,fsilleyaq@liveinternet.ru,Hebrew,68.156.246.127,XS
388,Rasla,Basketter,rbasketterar@sfgate.com,Swahili,86.68.143.2,3XL
389,Saleem,Lapslie,slapslieas@google.de,Portuguese,243.6.2.104,S
390,Fenelia,Symonds,fsymondsat@gizmodo.com,Gagauz,112.13.136.78,S
391,Lowe,Grishankov,lgrishankovau@hc360.com,Romanian,223.153.24.59,L
392,Savina,Wooldridge,swooldridgeav@xinhuanet.com,Bulgarian,152.21.243.167,XS
393,Gerda,Hartropp,ghartroppaw@columbia.edu,Bengali,244.28.39.222,L
394,Levey,Seldon,lseldonax@icio.us,Norwegian,189.228.12.111,XL
395,Marita,Canacott,mcanacottay@dropbox.com,Korean,151.69.37.212,3XL
396,Terri-jo,Betjes,tbetjesaz@comsenz.com,Norwegian,90.177.11.156,M
397,Chrisy,Riguard,criguardb0@nyu.edu,Sotho,52.72.138.66,3XL
398,Rivy,Mapowder,rmapowderb1@quantcast.com,French,114.182.200.123,S
399,Pammie,Leavey,pleaveyb2@amazon.com,Latvian,241.41.251.197,L
400,Morse,Hotson,mhotsonb3@mlb.com,Papiamento,62.63.66.132,S
401,Elias,MacQuist,emacquistb4@buzzfeed.com,Kurdish,216.4.16.186,XL
402,Fredek,Heisler,fheislerb5@utexas.edu,Hindi,78.3.201.86,M
403,Jeanette,Halvosen,jhalvosenb6@nba.com,Dari,89.231.214.199,2XL
404,Avivah,O'Fogerty,aofogertyb7@earthlink.net,Tsonga,139.197.111.246,3XL
405,Amelie,Hawkeswood,ahawkeswoodb8@nps.gov,Hungarian,65.191.181.171,L
406,Lewes,Ogilby,logilbyb9@msn.com,Hindi,187.55.55.206,3XL
407,Amandi,Erskine Sandys,aerskinesandysba@gmpg.org,Māori,25.0.66.212,3XL
408,Gerick,Artingstall,gartingstallbb@state.gov,Lao,226.78.146.250,S
409,Valry,Eason,veasonbc@privacy.gov.au,Finnish,47.245.172.8,2XL
410,Man,Lamprecht,mlamprechtbd@tripod.com,Lao,200.187.145.4,XS
411,Shaughn,Lindsley,slindsleybe@webeden.co.uk,Dzongkha,143.148.147.254,S
412,Torrence,Laughlin,tlaughlinbf@cam.ac.uk,Thai,9.162.120.240,L
413,Lexie,Bremen,lbremenbg@wordpress.org,Aymara,36.165.127.136,XL
414,Turner,Hugo,thugobh@php.net,Telugu,173.185.20.226,XL
415,Padraig,Cheak,pcheakbi@cargocollective.com,Luxembourgish,158.241.177.208,2XL
416,Leontyne,Lougheed,llougheedbj@hao123.com,Quechua,206.32.102.100,2XL
417,Tamara,Kunc,tkuncbk@nsw.gov.au,Nepali,175.70.159.102,3XL
418,Inglebert,Sackey,isackeybl@globo.com,Macedonian,62.252.230.143,2XL
419,Abbie,Rodda,aroddabm@goo.ne.jp,Japanese,151.89.208.210,L
420,Ive,Maulden,imauldenbn@ucoz.com,Japanese,139.41.47.159,M
421,Nickolas,Janson,njansonbo@meetup.com,Yiddish,79.81.126.206,XL
422,Cori,Qualtro,cqualtrobp@dyndns.org,Bislama,145.135.89.120,2XL
423,Roana,Formilli,rformillibq@yahoo.com,Korean,26.119.29.50,XS
424,Immanuel,Abry,iabrybr@cbc.ca,Kyrgyz,105.36.173.73,2XL
425,Lani,Gillino,lgillinobs@wix.com,Malagasy,176.0.217.100,S
426,Flore,Boland,fbolandbt@mail.ru,Catalan,123.167.5.80,XL
427,Duane,Stede,dstedebu@list-manage.com,Japanese,197.141.51.23,3XL
428,Casi,Goch,cgochbv@intel.com,Tswana,10.1.239.26,2XL
429,Darnall,Heintsch,dheintschbw@etsy.com,Bosnian,224.91.250.150,3XL
430,Cosme,Tippett,ctippettbx@eventbrite.com,Swati,121.134.47.45,M
431,Joyan,Spreadbury,jspreadburyby@state.gov,Moldovan,56.32.252.15,3XL
432,Filide,Jefford,fjeffordbz@tiny.cc,Dhivehi,26.129.116.211,S
433,Phil,Lening,pleningc0@ameblo.jp,French,122.155.47.119,M
434,Baryram,Swett,bswettc1@vinaora.com,Punjabi,4.169.147.137,3XL
435,Almira,Bousfield,abousfieldc2@nature.com,Bislama,229.9.86.161,M
436,Billie,Stanford,bstanfordc3@mapy.cz,Marathi,34.118.122.62,S
437,Lorenzo,Senescall,lsenescallc4@earthlink.net,Khmer,179.217.129.58,XL
438,Brittany,Mutter,bmutterc5@mit.edu,Hebrew,170.9.182.137,3XL
439,Suki,Loach,sloachc6@tripod.com,Luxembourgish,43.10.196.169,2XL
440,Lewie,Dametti,ldamettic7@wunderground.com,West Frisian,96.204.70.218,L
441,Rosemarie,Disley,rdisleyc8@jugem.jp,Māori,225.243.109.162,2XL
442,Sidonia,Crabbe,scrabbec9@slideshare.net,Filipino,14.145.211.180,M
443,Gaspar,Kerford,gkerfordca@goo.gl,Finnish,51.51.27.144,2XL
444,Nettle,MacGragh,nmacgraghcb@discuz.net,Kurdish,147.214.8.35,L
445,Lissa,Impey,limpeycc@ca.gov,Italian,125.204.55.205,XS
446,Janos,Jullian,jjulliancd@kickstarter.com,Dari,79.241.41.250,S
447,Helyn,Yeo,hyeoce@kickstarter.com,Khmer,56.193.223.46,M
448,Georgie,Hunnaball,ghunnaballcf@naver.com,Tamil,133.250.225.108,XS
449,Bartolomeo,Gregolin,bgregolincg@nba.com,Armenian,222.252.188.149,S
450,Angelita,Boltwood,aboltwoodch@digg.com,Yiddish,208.170.251.76,XL
451,Kym,Gymlett,kgymlettci@elpais.com,Papiamento,77.98.187.147,L
452,Garrick,Pattlel,gpattlelcj@auda.org.au,Tswana,45.44.87.111,S
453,Sigvard,Sheaf,ssheafck@skype.com,Albanian,253.4.184.173,XL
454,Almeda,Brotherton,abrothertoncl@blogs.com,Tamil,115.37.239.89,3XL
455,Beck,Morillas,bmorillascm@goo.ne.jp,Marathi,210.3.60.193,S
456,Curran,Goodbanne,cgoodbannecn@domainmarket.com,Malagasy,31.89.170.63,S
457,Valle,Goucher,vgoucherco@elpais.com,Khmer,12.181.64.196,XS
458,Inger,Langlands,ilanglandscp@quantcast.com,Arabic,186.91.95.114,XL
459,Anya,Kelloch,akellochcq@addthis.com,Kazakh,5.86.142.163,3XL
460,Marlo,Begwell,mbegwellcr@sphinn.com,Malay,233.202.188.238,S
461,Bartolemo,Mooreed,bmooreedcs@usnews.com,Malayalam,23.198.19.7,2XL
462,Livvyy,Muckley,lmuckleyct@bbb.org,Japanese,210.144.209.101,XS
463,Robin,Yo,ryocu@1und1.de,Gagauz,218.121.150.204,XS
464,Brent,Campelli,bcampellicv@chron.com,West Frisian,230.99.206.27,2XL
465,Damiano,Severwright,dseverwrightcw@chron.com,Finnish,78.99.88.176,XS
466,Orlando,Cremen,ocremencx@dyndns.org,Quechua,58.135.175.87,2XL
467,Nanine,Christoforou,nchristoforoucy@statcounter.com,Lao,90.136.52.207,L
468,Orlan,Twoohy,otwoohycz@tumblr.com,Latvian,228.219.191.87,XS
469,Abby,Mathwin,amathwind0@google.de,Tamil,63.173.147.200,S
470,Shelley,Walklate,swalklated1@omniture.com,Hebrew,224.182.212.150,M
471,Anastasie,Whelan,awheland2@seattletimes.com,Catalan,34.144.18.137,2XL
472,Timmi,Pendrich,tpendrichd3@berkeley.edu,Swati,172.42.114.65,XS
473,Chris,Cadreman,ccadremand4@skyrock.com,Luxembourgish,102.208.191.10,3XL
474,Britney,Machen,bmachend5@xing.com,Bosnian,209.90.249.80,L
475,Gene,Akast,gakastd6@booking.com,Swahili,31.87.194.130,XS
476,Fran,Oldershaw,foldershawd7@reddit.com,Dari,52.121.18.174,XL
477,Normie,Shillabear,nshillabeard8@uiuc.edu,Latvian,156.140.47.88,XL
478,Winston,Yokelman,wyokelmand9@geocities.jp,Malay,0.181.74.168,M
479,Davis,Burstowe,dburstoweda@hc360.com,Tswana,130.195.107.38,XS
480,Kip,Geratt,kgerattdb@rediff.com,Persian,163.35.178.116,M
481,Valeda,Wolfinger,vwolfingerdc@google.it,Somali,74.93.254.35,XL
482,Tomasina,Gerriet,tgerrietdd@google.ca,Tok Pisin,67.251.249.40,M
483,Willamina,Blood,wbloodde@cargocollective.com,Maltese,159.114.183.29,S
484,Sampson,Redfearn,sredfearndf@github.com,Tok Pisin,194.74.116.167,XL
485,Steffen,Harper,sharperdg@woothemes.com,Mongolian,229.130.162.77,XL
486,Clareta,Lund,clunddh@wisc.edu,Maltese,71.251.219.89,M
487,Alys,Clawson,aclawsondi@so-net.ne.jp,Maltese,96.132.251.133,3XL
488,Syman,Gales,sgalesdj@state.tx.us,Icelandic,13.206.68.118,L
489,Ginger,Verduin,gverduindk@hatena.ne.jp,Greek,86.101.231.62,XS
490,Carola,Loftus,cloftusdl@amazon.co.jp,Tswana,172.94.19.19,S
491,Marcello,Poizer,mpoizerdm@smh.com.au,Pashto,36.183.191.4,S
492,Tamqrah,Legge,tleggedn@over-blog.com,Italian,244.229.151.13,S
493,Orrin,Ong,oongdo@sciencedaily.com,Hebrew,160.82.223.204,2XL
494,Brigit,Feldstern,bfeldsterndp@i2i.jp,Tswana,144.22.10.224,2XL
495,Cosmo,Hutcheon,chutcheondq@tinypic.com,Dari,176.177.174.189,XL
496,Trefor,Codd,tcodddr@dagondesign.com,Malay,113.21.77.174,S
497,Pembroke,Levens,plevensds@ihg.com,Nepali,51.111.155.244,XS
498,Wash,Bachelar,wbachelardt@techcrunch.com,Khmer,37.226.196.83,XS
499,Jeanine,Etteridge,jetteridgedu@opera.com,Hungarian,216.225.23.177,L
500,Rory,Izakoff,rizakoffdv@java.com,Bislama,109.232.6.208,S
501,Britney,Ruecastle,bruecastledw@time.com,Lao,240.246.144.177,L
502,Corrie,Mabley,cmableydx@state.tx.us,Amharic,89.98.119.139,M
503,Andriette,Theobald,atheobalddy@sina.com.cn,Kannada,25.78.196.41,2XL
504,Judith,Spenton,jspentondz@soup.io,Catalan,98.132.126.195,3XL
505,Mercy,Hawley,mhawleye0@smh.com.au,Haitian Creole,150.109.178.114,3XL
506,Kain,Crassweller,kcrasswellere1@google.co.jp,Greek,177.13.12.114,L
507,Griffy,Umpleby,gumplebye2@amazon.de,Papiamento,236.232.127.30,3XL
508,Thibaut,Pallasch,tpallasche3@bravesites.com,Ndebele,198.228.82.53,XS
509,Lenard,Cantera,lcanterae4@psu.edu,Irish Gaelic,50.146.79.243,S
510,Leann,Watman,lwatmane5@cbslocal.com,Khmer,240.96.244.47,S
511,Carlye,Scallan,cscallane6@epa.gov,Maltese,169.148.57.94,2XL
512,Crystie,Scarratt,cscarratte7@bigcartel.com,Macedonian,73.229.158.82,3XL
513,Sander,Hamnet,shamnete8@upenn.edu,English,97.163.209.93,2XL
514,Devon,Keddle,dkeddlee9@wikipedia.org,Greek,132.254.164.25,XS
515,Marion,Petyankin,mpetyankinea@cloudflare.com,Greek,212.28.53.185,XS
516,Eleanora,Leafe,eleafeeb@mapquest.com,Swahili,101.25.133.65,XL
517,Noell,Petchell,npetchellec@rakuten.co.jp,Portuguese,107.181.2.250,2XL
518,Christye,Satterly,csatterlyed@slideshare.net,Tsonga,72.222.176.254,3XL
519,Salome,Dallaway,sdallawayee@marketwatch.com,Hindi,233.96.72.114,L
520,Zack,Bearward,zbearwardef@yandex.ru,Azeri,6.141.19.218,M
521,Analiese,Lathwood,alathwoodeg@ted.com,Dutch,188.206.189.252,M
522,Lynnell,Presser,lpressereh@ustream.tv,Latvian,60.54.238.100,XS
523,Grange,Glitherow,gglitherowei@nih.gov,Belarusian,134.154.38.159,M
524,Kev,Strother,kstrotherej@wikimedia.org,Assamese,216.244.116.130,2XL
525,Crystal,Tukely,ctukelyek@narod.ru,Tsonga,199.81.185.213,2XL
526,Nissy,Gadney,ngadneyel@webs.com,Portuguese,232.208.212.135,XS
527,Claiborn,Wagon,cwagonem@prlog.org,Burmese,52.76.255.155,XS
528,Granville,Bolan,gbolanen@opensource.org,Tajik,22.125.27.54,XS
529,Joel,Perrottet,jperrotteteo@barnesandnoble.com,Kurdish,120.162.99.179,XL
530,Vivienne,Defty,vdeftyep@imgur.com,Chinese,179.149.77.102,L
531,Abbe,Dixon,adixoneq@eepurl.com,West Frisian,176.215.126.196,L
532,Hubey,Grzegorek,hgrzegoreker@taobao.com,Korean,120.34.213.184,S
533,Avivah,Gotobed,agotobedes@digg.com,Azeri,225.235.96.229,2XL
534,Tana,Labet,tlabetet@mysql.com,Somali,227.51.63.163,XL
535,Hendrik,Pizzey,hpizzeyeu@microsoft.com,French,238.247.56.188,M
536,Roseanna,Groarty,rgroartyev@cocolog-nifty.com,Tetum,19.158.197.204,L
537,Katya,Fountian,kfountianew@surveymonkey.com,Pashto,38.141.74.128,L
538,Bamby,Emberson,bembersonex@rambler.ru,Kazakh,113.217.247.33,XS
539,Ade,de Villier,adevillierey@ucoz.ru,Spanish,115.39.67.212,L
540,Merci,Cattlow,mcattlowez@parallels.com,Punjabi,125.217.121.134,3XL
541,Shannon,Verdun,sverdunf0@howstuffworks.com,Azeri,248.238.196.243,S
542,Dorris,Barajaz,dbarajazf1@tuttocitta.it,Indonesian,119.68.237.209,S
543,Bear,Iacovino,biacovinof2@cbsnews.com,Tetum,152.86.149.201,S
544,Paule,Smartman,psmartmanf3@ucsd.edu,Albanian,219.196.60.101,XS
545,Ethe,Ledekker,eledekkerf4@weibo.com,West Frisian,73.4.30.112,2XL
546,Steffie,Ausiello,sausiellof5@army.mil,Kashmiri,46.15.115.3,3XL
547,Hamil,Liddy,hliddyf6@omniture.com,Khmer,12.144.102.5,S
548,Daisey,Cutajar,dcutajarf7@shareasale.com,Telugu,206.93.238.22,S
549,Martainn,Matthews,mmatthewsf8@artisteer.com,Georgian,185.12.99.163,2XL
550,Ardis,Heatherington,aheatheringtonf9@devhub.com,Afrikaans,239.177.127.82,3XL
551,Hayley,Beecraft,hbeecraftfa@youtube.com,Lao,153.254.187.158,L
552,Omar,Minthorpe,ominthorpefb@infoseek.co.jp,Indonesian,225.245.117.111,XS
553,Ottilie,McNay,omcnayfc@gravatar.com,Belarusian,142.139.187.246,XS
554,Almeda,Gabriely,agabrielyfd@networksolutions.com,New Zealand Sign Language,77.32.148.250,XL
555,Raoul,Washington,rwashingtonfe@whitehouse.gov,Assamese,241.123.191.61,XL
556,Barth,Ricca,briccaff@shareasale.com,Papiamento,208.62.122.253,L
557,Nadean,Buddock,nbuddockfg@hp.com,Czech,78.201.136.128,S
558,Rodney,McCusker,rmccuskerfh@un.org,Moldovan,100.73.62.59,XS
559,Manolo,Easom,measomfi@constantcontact.com,Khmer,7.25.135.250,S
560,Marya,Boggas,mboggasfj@amazon.co.uk,Gagauz,147.199.212.245,XS
561,Zonnya,Hakey,zhakeyfk@bloglines.com,Tswana,229.53.127.200,XS
562,Cristine,Wroe,cwroefl@arizona.edu,Swati,13.34.24.121,2XL
563,Ernaline,Sapsford,esapsfordfm@goo.ne.jp,Bosnian,173.241.190.142,L
564,Carmelia,O' Loughran,coloughranfn@digg.com,Dzongkha,240.83.227.16,M
565,Prisca,Mustoe,pmustoefo@yandex.ru,Bislama,105.106.100.129,3XL
566,Esma,Moiser,emoiserfp@hatena.ne.jp,Swahili,173.219.95.95,L
567,Harald,Strete,hstretefq@bloglines.com,Lao,38.106.181.201,XL
568,Herschel,Rawcliffe,hrawcliffefr@live.com,Spanish,159.182.107.63,M
569,Elonore,Schwant,eschwantfs@zimbio.com,Sotho,109.7.109.25,S
570,Nicolle,Dearsley,ndearsleyft@google.co.jp,Latvian,146.73.57.77,S
571,Franz,Townby,ftownbyfu@zdnet.com,Albanian,33.250.212.118,3XL
572,Aldus,Rennebach,arennebachfv@ebay.com,Dzongkha,163.165.194.66,S
573,Jeremy,Birkwood,jbirkwoodfw@about.com,Estonian,65.255.83.63,3XL
574,Asia,Erik,aerikfx@google.ca,Swahili,181.156.62.200,XL
575,Joete,Rene,jrenefy@abc.net.au,English,3.86.199.79,S
576,Diann,Blooman,dbloomanfz@wordpress.com,Dutch,244.50.83.186,L
577,Susan,Restieaux,srestieauxg0@gizmodo.com,Malayalam,214.89.209.185,2XL
578,Chiquita,Horning,chorningg1@addtoany.com,Malay,123.208.146.210,L
579,Ivory,Janaud,ijanaudg2@ucla.edu,Japanese,97.56.244.163,M
580,Georgie,Crohan,gcrohang3@smugmug.com,Danish,255.82.230.94,M
581,Con,Prime,cprimeg4@tamu.edu,Khmer,62.178.27.246,XS
582,Stefano,Kisby,skisbyg5@yahoo.co.jp,Swati,114.64.130.97,M
583,Andree,Holliar,aholliarg6@parallels.com,Khmer,250.96.108.153,2XL
584,Britteny,Blenkinsop,bblenkinsopg7@360.cn,Gagauz,151.127.106.143,2XL
585,Marina,Phelps,mphelpsg8@marketwatch.com,Hungarian,252.253.70.202,3XL
586,Gordan,Rutty,gruttyg9@ow.ly,Malayalam,127.7.8.197,S
587,Brian,Amber,bamberga@webmd.com,Gujarati,155.123.106.7,S
588,Florie,Stapford,fstapfordgb@chicagotribune.com,Swahili,170.118.72.216,XL
589,Addy,Bing,abinggc@amazon.com,Portuguese,116.82.69.1,2XL
590,Fifi,McKevitt,fmckevittgd@mit.edu,New Zealand Sign Language,217.165.138.197,M
591,Catlee,Toler,ctolerge@discovery.com,Khmer,184.36.141.105,L
592,Codi,Puckring,cpuckringgf@unicef.org,Filipino,181.250.149.212,XS
593,Gene,Darke,gdarkegg@google.com,West Frisian,144.121.227.106,XL
594,Ora,Roberts,orobertsgh@noaa.gov,Chinese,31.55.64.132,2XL
595,Starr,Agnew,sagnewgi@nytimes.com,Polish,106.15.95.101,XS
596,Curran,Doggerell,cdoggerellgj@artisteer.com,Kazakh,154.92.91.99,M
597,Ronni,Cockerham,rcockerhamgk@discovery.com,Kurdish,101.148.241.54,M
598,Daffy,Marishenko,dmarishenkogl@cisco.com,Aymara,148.187.172.53,2XL
599,Jasmine,Broggetti,jbroggettigm@examiner.com,Assamese,76.167.70.199,2XL
600,Wendye,Gellibrand,wgellibrandgn@noaa.gov,Telugu,247.220.221.104,L
601,Vinnie,Goodridge,vgoodridgego@etsy.com,Pashto,36.218.7.65,XS
602,Tiffani,Guitton,tguittongp@chicagotribune.com,Bengali,8.66.114.134,XL
603,Lane,Myhill,lmyhillgq@pcworld.com,Guaraní,233.9.234.254,XL
604,Babita,Merwe,bmerwegr@topsy.com,Albanian,242.215.3.148,S
605,Clarisse,Dyne,cdynegs@ox.ac.uk,Finnish,149.21.188.117,M
606,Daisey,Mariet,dmarietgt@weibo.com,Guaraní,158.66.112.248,S
607,Aliza,Bockings,abockingsgu@state.gov,Bislama,232.114.217.85,L
608,Tripp,Lessmare,tlessmaregv@g.co,Greek,199.176.75.103,S
609,Matias,Quaif,mquaifgw@ft.com,Norwegian,88.25.252.152,XS
610,Moses,Peedell,mpeedellgx@163.com,Bislama,80.196.142.80,XL
611,Viviana,Bails,vbailsgy@timesonline.co.uk,Pashto,173.206.177.8,XS
612,Saree,Carmont,scarmontgz@answers.com,Georgian,73.141.43.154,2XL
613,Urbano,Mc Caghan,umccaghanh0@unc.edu,Kurdish,14.232.69.50,L
614,Virgil,Kiossel,vkiosselh1@pagesperso-orange.fr,Persian,253.136.223.115,XS
615,Hollyanne,Siveyer,hsiveyerh2@phoca.cz,Assamese,108.18.201.150,3XL
616,Homerus,Goman,hgomanh3@java.com,Burmese,12.47.204.20,2XL
617,Isaak,Grzegorzewicz,igrzegorzewiczh4@omniture.com,Spanish,159.214.173.145,3XL
618,Marilee,Jakovijevic,mjakovijevich5@vk.com,Irish Gaelic,61.32.214.52,2XL
619,Glenda,Durtnal,gdurtnalh6@merriam-webster.com,Aymara,32.106.142.182,S
620,Urson,McGaugey,umcgaugeyh7@google.co.uk,Dari,73.37.142.145,M
621,Charla,Beddow,cbeddowh8@guardian.co.uk,Tetum,139.110.94.9,L
622,Gwyneth,Eastcott,geastcotth9@admin.ch,Yiddish,187.217.160.126,XL
623,Gilburt,Budibent,gbudibentha@ow.ly,Ndebele,85.50.255.76,S
624,Vassily,Grioli,vgriolihb@mozilla.com,Haitian Creole,74.52.77.193,XL
625,Libby,Audry,laudryhc@usa.gov,Gujarati,252.172.150.137,L
626,Florence,Subhan,fsubhanhd@miibeian.gov.cn,Persian,116.218.210.196,XL
627,Hilliary,Duny,hdunyhe@yellowpages.com,Japanese,166.229.254.103,3XL
628,Shannan,D'Alwis,sdalwishf@e-recht24.de,Italian,248.111.199.122,XL
629,Fin,Mahady,fmahadyhg@gizmodo.com,Polish,9.6.211.38,L
630,Vittoria,Meaders,vmeadershh@upenn.edu,Quechua,190.172.141.94,2XL
631,Ailis,Ackroyd,aackroydhi@youku.com,Bosnian,191.120.15.206,L
632,Lorette,Lafford,llaffordhj@linkedin.com,Arabic,131.194.218.119,M
633,Fonsie,Vivien,fvivienhk@sciencedaily.com,New Zealand Sign Language,42.65.167.204,3XL
634,Harley,Bouldstridge,hbouldstridgehl@auda.org.au,Belarusian,197.159.70.131,S
635,Lavina,Gosford,lgosfordhm@bluehost.com,Hindi,29.219.63.228,XS
636,Felita,Haddy,fhaddyhn@soundcloud.com,Filipino,194.231.232.18,M
637,Vivianne,Hugonet,vhugonetho@netvibes.com,Thai,4.70.158.35,XS
638,Harman,Maryon,hmaryonhp@ow.ly,Telugu,150.217.120.150,2XL
639,Riannon,Davidge,rdavidgehq@e-recht24.de,Thai,159.144.25.10,S
640,Paton,Ollarenshaw,pollarenshawhr@bloglines.com,Azeri,131.99.147.43,XS
641,Pietrek,Kniveton,pknivetonhs@list-manage.com,West Frisian,129.34.2.215,M
642,Corrianne,Thomsen,cthomsenht@cpanel.net,Tswana,141.192.103.101,XL
643,Gretel,Gullick,ggullickhu@last.fm,Afrikaans,181.88.251.28,M
644,Willamina,Rizzillo,wrizzillohv@theguardian.com,Arabic,49.108.230.159,S
645,Corine,Da Costa,cdacostahw@newyorker.com,Pashto,59.236.91.195,S
646,Roseanne,Cogger,rcoggerhx@deliciousdays.com,Swahili,163.215.201.186,L
647,Cammi,Morad,cmoradhy@fastcompany.com,Montenegrin,100.11.17.57,M
648,Celestia,Goadby,cgoadbyhz@myspace.com,Marathi,140.172.67.197,3XL
649,Karney,Castagneto,kcastagnetoi0@phpbb.com,Kyrgyz,103.137.87.63,L
650,Carmelia,Pinard,cpinardi1@msn.com,Georgian,198.94.71.21,XL
651,Todd,Sturge,tsturgei2@webs.com,Burmese,57.0.113.75,L
652,Wakefield,Yerrall,wyerralli3@51.la,Telugu,169.22.82.231,2XL
653,Annora,Di Dello,adidelloi4@slideshare.net,Moldovan,233.2.12.219,L
654,Ulrike,McConachie,umcconachiei5@dropbox.com,Estonian,139.83.57.96,XS
655,Mabelle,Reece,mreecei6@si.edu,Icelandic,247.58.99.108,2XL
656,Twila,Sheber,tsheberi7@sogou.com,Bislama,149.46.135.104,L
657,Claudia,Flippen,cflippeni8@tuttocitta.it,Aymara,200.117.18.49,2XL
658,Chiquia,Hanwell,chanwelli9@discuz.net,Bulgarian,10.58.168.46,S
659,Irwin,Phelips,iphelipsia@cmu.edu,Swati,125.181.14.113,2XL
660,Rebe,Novkovic,rnovkovicib@yahoo.com,Gujarati,41.166.132.52,M
661,Brad,Casburn,bcasburnic@joomla.org,Korean,16.118.89.80,3XL
662,Tremain,Pirouet,tpirouetid@wisc.edu,Marathi,62.167.113.13,S
663,Sarina,McPeeters,smcpeetersie@weather.com,Greek,82.182.144.242,M
664,Reine,Croker,rcrokerif@house.gov,Northern Sotho,53.43.66.71,M
665,Silvano,Greensted,sgreenstedig@sohu.com,Estonian,37.124.141.153,3XL
666,Brennan,Dodamead,bdodameadih@toplist.cz,Dari,54.102.77.166,XS
667,Hillier,Evensden,hevensdenii@privacy.gov.au,Kazakh,37.246.243.71,XS
668,Lorelle,Fielders,lfieldersij@mlb.com,Assamese,222.188.113.35,L
669,Pincus,Cortin,pcortinik@amazon.de,Pashto,142.13.147.122,XL
670,Frasier,Aston,fastonil@aboutads.info,Macedonian,145.35.123.37,XS
671,Bettina,Rigmand,brigmandim@marketwatch.com,Pashto,151.230.123.239,3XL
672,Iormina,Willeman,iwillemanin@sphinn.com,Guaraní,185.24.128.179,L
673,Dill,Fosse,dfosseio@prweb.com,Afrikaans,170.87.126.0,S
674,Candice,Chevers,ccheversip@skype.com,Tsonga,52.45.179.139,L
675,Cyril,McBeath,cmcbeathiq@dedecms.com,Irish Gaelic,195.254.207.152,L
676,Justine,Mathieson,jmathiesonir@scribd.com,Sotho,149.251.55.114,M
677,Tabatha,Almond,talmondis@clickbank.net,Pashto,177.228.124.57,S
678,Meagan,Grzeskowski,mgrzeskowskiit@ning.com,Malagasy,93.131.74.221,S
679,Brynn,Kindred,bkindrediu@usgs.gov,Finnish,150.191.196.91,S
680,Cherin,Gallemore,cgallemoreiv@gravatar.com,Icelandic,27.105.83.42,3XL
681,Kalie,Fidelus,kfidelusiw@cloudflare.com,Dari,229.122.37.31,3XL
682,Nicola,Hearsey,nhearseyix@answers.com,Dzongkha,49.241.46.219,2XL
683,Lexine,Liston,llistoniy@meetup.com,Indonesian,240.195.247.35,2XL
684,Joeann,Slesser,jslesseriz@jimdo.com,Kannada,93.72.42.141,XL
685,Dukey,Shotboult,dshotboultj0@wp.com,Kashmiri,102.37.163.155,3XL
686,Amelie,Enevoldsen,aenevoldsenj1@toplist.cz,Assamese,144.142.108.29,2XL
687,Illa,Domelow,idomelowj2@home.pl,Armenian,1.172.178.7,2XL
688,Nickola,Brisker,nbriskerj3@paginegialle.it,Yiddish,198.166.137.117,2XL
689,Welsh,Felton,wfeltonj4@wordpress.org,Czech,239.54.172.125,2XL
690,Merola,Rope,mropej5@people.com.cn,Hindi,127.11.121.222,L
691,Dinnie,Curson,dcursonj6@examiner.com,Korean,226.13.0.178,M
692,Teresina,Beamish,tbeamishj7@163.com,Greek,132.89.26.167,L
693,Ravid,McGlade,rmcgladej8@rediff.com,Gagauz,200.240.100.5,3XL
694,Riley,Gabitis,rgabitisj9@ebay.com,Afrikaans,189.251.187.209,L
695,Alexei,Riedel,ariedelja@yahoo.co.jp,Aymara,232.245.229.32,XL
696,Baxter,Minichillo,bminichillojb@vistaprint.com,Romanian,254.125.184.173,S
697,Ardra,Wilding,awildingjc@wunderground.com,Dzongkha,157.116.135.185,XS
698,Boot,Toop,btoopjd@live.com,Romanian,94.204.109.28,M
699,John,Counihan,jcounihanje@behance.net,Somali,135.73.170.102,S
700,Peder,Swallow,pswallowjf@seesaa.net,Dari,169.173.172.25,L
701,Rice,Espin,respinjg@google.com.br,Pashto,252.211.109.108,XS
702,Petra,Millmoe,pmillmoejh@creativecommons.org,Haitian Creole,111.146.18.55,S
703,Chuck,Ovens,covensji@cocolog-nifty.com,Oriya,2.61.181.166,L
704,Hyacinthia,MacAnespie,hmacanespiejj@ning.com,Bulgarian,60.233.164.177,XS
705,Kippy,Poveleye,kpoveleyejk@mozilla.com,Lithuanian,86.78.224.178,XL
706,Gradeigh,Troman,gtromanjl@prweb.com,Arabic,190.192.13.156,2XL
707,Dannye,Johnigan,djohniganjm@china.com.cn,Norwegian,155.254.60.102,M
708,Kris,Landall,klandalljn@t-online.de,Azeri,108.210.119.72,L
709,Henri,Ebbs,hebbsjo@istockphoto.com,Spanish,79.255.167.42,M
710,Hedda,Longmuir,hlongmuirjp@npr.org,Hindi,66.169.220.66,S
711,Lisle,Odd,loddjq@youku.com,Azeri,111.202.199.15,3XL
712,Josephine,Parren,jparrenjr@kickstarter.com,Kashmiri,121.226.115.192,3XL
713,Daryl,Carlsen,dcarlsenjs@blogtalkradio.com,Tswana,186.181.213.13,XS
714,Octavia,Jakubiak,ojakubiakjt@gov.uk,French,12.165.164.131,L
715,Morgan,Aronow,maronowju@sohu.com,Telugu,224.79.122.69,S
716,Arvin,Lewsey,alewseyjv@a8.net,Catalan,179.122.0.20,XL
717,Randa,Cleeton,rcleetonjw@a8.net,Bislama,185.104.183.126,XS
718,Bella,Coster,bcosterjx@lulu.com,Romanian,226.123.189.43,XS
719,Hedy,Vescovo,hvescovojy@lulu.com,Tajik,115.36.40.73,3XL
720,Collette,Maestro,cmaestrojz@netvibes.com,Ndebele,124.245.158.125,3XL
721,Dania,Whorlow,dwhorlowk0@deliciousdays.com,Malay,230.160.255.185,3XL
722,Jeannie,Thebes,jthebesk1@chicagotribune.com,Malagasy,249.234.218.254,XS
723,Mayor,Beentjes,mbeentjesk2@nps.gov,Telugu,248.33.118.29,S
724,Saundra,Kalf,skalfk3@trellian.com,Māori,196.60.106.53,3XL
725,Morten,Betjes,mbetjesk4@bigcartel.com,Luxembourgish,50.113.223.66,L
726,Claudine,Karolczyk,ckarolczykk5@fema.gov,Zulu,116.9.217.58,XL
727,Daisie,Gouldbourn,dgouldbournk6@lulu.com,Pashto,205.20.75.42,XL
728,Gabby,Humblestone,ghumblestonek7@nydailynews.com,Tok Pisin,194.111.78.11,2XL
729,Bordie,Shortin,bshortink8@vk.com,Northern Sotho,75.56.136.190,L
730,Livvyy,Yuille,lyuillek9@mapy.cz,Dhivehi,150.234.0.131,XL
731,Bradney,Dunning,bdunningka@cnet.com,Dzongkha,192.72.103.85,3XL
732,Millisent,Emes,memeskb@blinklist.com,Hindi,236.182.192.205,XL
733,Nikki,McKenna,nmckennakc@artisteer.com,Tetum,10.118.120.167,2XL
734,Emelia,Manis,emaniskd@marriott.com,Czech,151.172.43.202,3XL
735,Mohandis,Tedorenko,mtedorenkoke@java.com,Icelandic,253.219.233.24,3XL
736,Kalina,Magson,kmagsonkf@gov.uk,Marathi,123.116.153.223,S
737,Charley,Cheesman,ccheesmankg@businessweek.com,Telugu,20.152.101.43,2XL
738,Levin,Fontin,lfontinkh@rediff.com,Burmese,226.32.214.166,S
739,Virgilio,Woofendell,vwoofendellki@goo.gl,Danish,216.131.107.136,XL
740,Mommy,Saladin,msaladinkj@surveymonkey.com,Kazakh,215.130.103.218,M
741,Andrei,Howley,ahowleykk@slashdot.org,Tswana,38.55.192.164,XS
742,Magda,Ludy,mludykl@ovh.net,Kannada,69.112.1.85,XS
743,Marielle,Cappell,mcappellkm@comsenz.com,West Frisian,174.2.80.148,S
744,Blinny,Camell,bcamellkn@yelp.com,Malagasy,59.207.252.137,3XL
745,Mikael,Ogles,moglesko@homestead.com,Punjabi,80.167.130.62,XL
746,Isabel,Trapp,itrappkp@engadget.com,Bulgarian,137.16.121.11,M
747,Andee,Truckett,atruckettkq@squidoo.com,Dhivehi,128.14.2.117,2XL
748,Rutter,Edgin,redginkr@dmoz.org,Estonian,176.235.23.176,S
749,Nissy,Emblin,nemblinks@google.ru,Tswana,251.60.67.63,XS
750,Ryann,Fruchter,rfruchterkt@illinois.edu,Luxembourgish,166.59.121.230,XL
751,Corny,Krates,ckratesku@va.gov,Ndebele,177.5.74.24,L
752,Robers,Peplow,rpeplowkv@cyberchimps.com,Albanian,188.217.69.159,XS
753,Raff,Brothwell,rbrothwellkw@sbwire.com,Bislama,69.209.101.36,3XL
754,Tiler,Howsan,thowsankx@symantec.com,Indonesian,135.176.95.128,M
755,Ninnetta,Hiscoke,nhiscokeky@boston.com,Korean,137.66.114.171,XL
756,Vinita,Fergyson,vfergysonkz@mozilla.org,Greek,183.83.87.23,XL
757,Leicester,Neaves,lneavesl0@oaic.gov.au,Hebrew,214.191.70.99,2XL
758,Dorian,Miettinen,dmiettinenl1@networksolutions.com,Fijian,215.15.206.204,2XL
759,Shellysheldon,Di Giacomo,sdigiacomol2@unc.edu,Kannada,133.10.151.113,2XL
760,Adria,Strother,astrotherl3@jigsy.com,Persian,231.122.215.222,XL
761,Erhard,Merriton,emerritonl4@go.com,Azeri,183.226.90.0,2XL
762,Christal,Warner,cwarnerl5@ox.ac.uk,Catalan,217.215.208.166,XL
763,Gates,Aspinwall,gaspinwalll6@ted.com,Gujarati,35.66.213.158,M
764,Rainer,Wrettum,rwrettuml7@un.org,Dutch,203.100.49.187,2XL
765,Kaela,Cahen,kcahenl8@vkontakte.ru,Hebrew,172.105.118.213,L
766,Garv,Alfuso,galfusol9@myspace.com,Papiamento,95.165.190.168,L
767,Tricia,Woof,twoofla@columbia.edu,Norwegian,68.90.125.4,M
768,Irvin,Walsh,iwalshlb@yelp.com,Bengali,34.64.90.14,2XL
769,Keane,De Mattei,kdematteilc@independent.co.uk,Estonian,171.137.51.146,2XL
770,Elysha,Ruddock,eruddockld@php.net,Somali,215.229.69.113,S
771,Eben,Bruckshaw,ebruckshawle@drupal.org,Kyrgyz,101.239.180.24,3XL
772,Cob,Angell,cangelllf@mtv.com,Bulgarian,178.69.150.254,XS
773,Millisent,Perle,mperlelg@google.com,Fijian,232.255.166.99,2XL
774,Rudolf,Tavinor,rtavinorlh@apple.com,Thai,193.211.122.75,2XL
775,Harriett,Do,hdoli@printfriendly.com,English,1.193.51.233,XL
776,Rodge,Buffy,rbuffylj@simplemachines.org,Armenian,138.207.225.43,2XL
777,Lilllie,Sobtka,lsobtkalk@kickstarter.com,Aymara,48.208.24.56,L
778,Vilhelmina,Tickner,vticknerll@google.it,New Zealand Sign Language,189.96.162.109,L
779,Henderson,Code,hcodelm@webs.com,Luxembourgish,33.159.23.243,XS
780,Filmer,Shireff,fshireffln@weibo.com,Tetum,132.6.53.157,S
781,Jermain,Pearne,jpearnelo@domainmarket.com,Latvian,138.120.145.71,M
782,Amory,Maskelyne,amaskelynelp@alexa.com,Haitian Creole,102.229.156.62,XS
783,Delbert,Vaneev,dvaneevlq@google.com,Belarusian,159.226.88.185,XL
784,Barri,Grutchfield,bgrutchfieldlr@ucsd.edu,Oriya,248.226.113.2,XL
785,Kate,Fidian,kfidianls@nsw.gov.au,Fijian,105.77.210.157,M
786,Joscelin,Bartolommeo,jbartolommeolt@amazonaws.com,Lithuanian,160.48.125.123,S
787,Hilario,Bantock,hbantocklu@deliciousdays.com,Bislama,254.224.120.214,2XL
788,Leigh,Pirrie,lpirrielv@theglobeandmail.com,Gujarati,111.70.136.219,XS
789,Cobbie,Spackman,cspackmanlw@nydailynews.com,Malagasy,10.43.52.182,XL
790,Justus,Poker,jpokerlx@i2i.jp,Haitian Creole,41.85.143.148,2XL
791,Kelcy,Klimowicz,kklimowiczly@google.com.au,Maltese,190.193.146.180,2XL
792,Pierson,Pedley,ppedleylz@wordpress.org,Tamil,246.43.164.142,L
793,Arnoldo,Brian,abrianm0@cafepress.com,German,222.128.114.76,XL
794,Giulia,Bax,gbaxm1@eepurl.com,Malagasy,23.242.46.159,S
795,Stefanie,Barrar,sbarrarm2@youtu.be,Aymara,27.204.126.79,L
796,Alvy,Rabat,arabatm3@bloomberg.com,Thai,66.186.219.53,XS
797,Renaldo,Goose,rgoosem4@mayoclinic.com,Greek,49.235.27.170,2XL
798,Jordon,Simoncini,jsimoncinim5@sohu.com,Tajik,128.9.245.180,L
799,Anatollo,Loveman,alovemanm6@freewebs.com,Macedonian,15.128.252.102,XS
800,Madel,Oldcote,moldcotem7@bigcartel.com,Tetum,44.143.39.151,2XL
801,Rosalie,Treherne,rtrehernem8@paginegialle.it,Albanian,16.244.200.7,M
802,Violetta,Padula,vpadulam9@rediff.com,Guaraní,63.183.186.122,XL
803,Doug,Breacher,dbreacherma@chron.com,Swati,99.149.58.245,XL
804,Billy,Salan,bsalanmb@elegantthemes.com,Tajik,227.227.47.182,2XL
805,Ellie,Pietrzak,epietrzakmc@mashable.com,Azeri,98.64.16.163,L
806,Claudia,Crewe,ccrewemd@reddit.com,Marathi,101.170.137.251,3XL
807,Marjorie,Allchorn,mallchornme@fastcompany.com,Moldovan,11.95.9.69,M
808,Lorens,Wolstencroft,lwolstencroftmf@patch.com,Arabic,146.4.200.95,3XL
809,Coreen,Bark,cbarkmg@tumblr.com,Guaraní,86.244.45.239,XL
810,Willy,Heighton,wheightonmh@nps.gov,Fijian,212.15.148.50,L
811,Roma,Baylay,rbaylaymi@tuttocitta.it,Armenian,112.221.171.202,3XL
812,Felike,Guntrip,fguntripmj@mac.com,Swedish,18.149.229.254,L
813,Jonie,Tukely,jtukelymk@wordpress.org,Arabic,117.53.158.111,3XL
814,Pearce,Sholl,pshollml@army.mil,Icelandic,152.237.149.201,XL
815,Caesar,Skellorne,cskellornemm@alibaba.com,Swedish,217.69.171.100,M
816,Morgen,Cardis,mcardismn@howstuffworks.com,Latvian,16.32.204.8,2XL
817,Ludovico,McGurgan,lmcgurganmo@mozilla.org,Japanese,26.124.99.48,XS
818,Fons,Pitchford,fpitchfordmp@amazonaws.com,West Frisian,239.8.160.62,L
819,Brittaney,Filipic,bfilipicmq@house.gov,Albanian,74.173.23.83,2XL
820,Myriam,Ruecastle,mruecastlemr@hao123.com,Albanian,134.9.119.14,XS
821,Luciano,Lisle,llislems@yelp.com,Japanese,177.49.50.23,2XL
822,Derry,Purkiss,dpurkissmt@wikispaces.com,Lao,127.239.61.189,2XL
823,Carmine,Etchell,cetchellmu@nih.gov,Tswana,33.148.217.93,M
824,Codee,Sante,csantemv@gmpg.org,Korean,235.77.159.26,XL
825,Josefina,Fryett,jfryettmw@cnn.com,Bislama,98.179.162.193,L
826,Fair,McKinney,fmckinneymx@free.fr,Greek,156.129.92.153,XS
827,Caldwell,Skupinski,cskupinskimy@cocolog-nifty.com,Czech,75.88.109.167,M
828,Bobby,Fitzharris,bfitzharrismz@shutterfly.com,Danish,221.97.20.220,S
829,Sunshine,De Carlo,sdecarlon0@fotki.com,Assamese,48.113.53.11,3XL
830,Mehetabel,Crother,mcrothern1@wisc.edu,Macedonian,158.59.223.252,M
831,Cathryn,McAlarney,cmcalarneyn2@disqus.com,French,5.53.67.155,XS
832,Bank,Phaup,bphaupn3@guardian.co.uk,Romanian,138.208.112.208,XL
833,Kinnie,Sains,ksainsn4@amazon.co.jp,Danish,222.157.206.237,M
834,Jacklin,Mellanby,jmellanbyn5@nba.com,Assamese,101.251.254.150,L
835,Kipp,Davie,kdavien6@cnn.com,Swahili,222.227.149.167,3XL
836,Doralyn,Crookes,dcrookesn7@barnesandnoble.com,Tok Pisin,219.0.87.224,XL
837,Jessie,Garza,jgarzan8@nature.com,Aymara,46.228.136.55,XL
838,Lissi,Spiers,lspiersn9@barnesandnoble.com,Māori,6.21.96.0,S
839,Nolana,Kent,nkentna@china.com.cn,Tswana,181.119.218.91,3XL
840,Oby,Menichi,omenichinb@yahoo.com,Haitian Creole,179.48.252.138,2XL
841,Stevy,Davidesco,sdavidesconc@newyorker.com,French,211.165.23.220,M
842,Link,Goneau,lgoneaund@webs.com,Dari,26.226.7.145,L
843,Hyacinthia,Sidlow,hsidlowne@altervista.org,Khmer,133.208.167.1,XS
844,Melantha,Meiner,mmeinernf@nyu.edu,Malagasy,95.100.194.160,M
845,Gerik,Wapple,gwappleng@comcast.net,Ndebele,129.207.234.80,2XL
846,Elle,Gosford,egosfordnh@shinystat.com,Malay,191.82.35.50,L
847,Kelbee,Andrzejewski,kandrzejewskini@wisc.edu,Yiddish,32.82.28.236,XS
848,Rosana,Gitsham,rgitshamnj@github.com,Malay,27.46.45.194,2XL
849,Margeaux,Grisbrook,mgrisbrooknk@ustream.tv,Pashto,119.76.163.31,L
850,Burty,Scotti,bscottinl@cocolog-nifty.com,Greek,210.31.232.107,XS
851,Wren,Acaster,wacasternm@home.pl,Catalan,201.134.233.30,S
852,Brenn,Pilsworth,bpilsworthnn@sogou.com,Hiri Motu,84.133.8.159,XS
853,Lyndsie,Manoelli,lmanoellino@etsy.com,Tetum,52.146.253.34,XL
854,Jodee,Falla,jfallanp@pen.io,Gagauz,154.171.130.213,XS
855,Adriane,Downton,adowntonnq@clickbank.net,Filipino,10.78.183.139,2XL
856,Aylmer,Linger,alingernr@ocn.ne.jp,Hebrew,147.97.130.64,XS
857,Beaufort,Lumox,blumoxns@usatoday.com,Estonian,184.53.68.167,XS
858,Sauncho,Knath,sknathnt@elpais.com,Nepali,20.36.178.86,XS
859,Kalvin,Beeswing,kbeeswingnu@friendfeed.com,German,159.147.182.67,S
860,Dorthy,Foffano,dfoffanonv@surveymonkey.com,Mongolian,108.30.45.6,XL
861,Sholom,Randles,srandlesnw@goodreads.com,Japanese,204.69.22.133,M
862,Ezra,Bennike,ebennikenx@berkeley.edu,Filipino,8.24.150.92,2XL
863,Nisse,Besant,nbesantny@springer.com,Hebrew,97.20.126.178,3XL
864,Valma,Wooder,vwoodernz@ucsd.edu,Malayalam,148.161.24.30,XL
865,Trish,MacKim,tmackimo0@marketwatch.com,Indonesian,87.167.102.213,3XL
866,Lazare,Blumfield,lblumfieldo1@ed.gov,Bulgarian,56.10.28.246,2XL
867,Griffy,Syplus,gsypluso2@timesonline.co.uk,Māori,41.142.212.84,2XL
868,Maible,Neiland,mneilando3@cornell.edu,Moldovan,89.73.189.83,XS
869,Lenette,Cordier,lcordiero4@eepurl.com,Catalan,57.45.116.168,XS
870,Annamaria,Vigietti,avigiettio5@arizona.edu,Polish,62.23.70.118,2XL
871,Darcey,Okker,dokkero6@toplist.cz,Korean,64.181.107.247,L
872,Saw,Lundie,slundieo7@earthlink.net,Gagauz,204.158.204.13,3XL
873,Angela,Wheway,awhewayo8@unicef.org,Finnish,202.123.189.52,3XL
874,Olympie,Buckenham,obuckenhamo9@ft.com,Moldovan,216.201.90.237,M
875,Shirleen,Leupoldt,sleupoldtoa@globo.com,Mongolian,186.209.250.194,XS
876,Florette,Wenban,fwenbanob@japanpost.jp,Lao,129.158.118.181,L
877,Pace,Dunlap,pdunlapoc@blinklist.com,French,110.188.144.9,3XL
878,Rollie,Yglesia,ryglesiaod@ucoz.com,Marathi,172.176.84.59,XS
879,Wadsworth,Djorvic,wdjorvicoe@mail.ru,Tamil,7.204.38.212,M
880,Danna,Penwarden,dpenwardenof@digg.com,Italian,14.107.95.234,M
881,Janka,Wybourne,jwybourneog@hibu.com,Norwegian,108.227.161.28,3XL
882,Gibby,Obispo,gobispooh@cpanel.net,Italian,116.100.42.81,2XL
883,Avrom,Haster,ahasteroi@epa.gov,Spanish,215.244.161.132,2XL
884,Caro,Kasper,ckasperoj@marketwatch.com,Quechua,156.62.164.167,M
885,Dorise,Sergent,dsergentok@icq.com,Finnish,79.101.117.91,XS
886,Quintin,Redfearn,qredfearnol@skype.com,Greek,146.241.83.183,S
887,Ches,Hallor,challorom@usatoday.com,Māori,216.86.140.9,2XL
888,Zorah,Jerrams,zjerramson@addtoany.com,Portuguese,82.249.247.66,M
889,Daile,Stoite,dstoiteoo@elpais.com,Mongolian,108.57.2.195,XS
890,Lauretta,Skevington,lskevingtonop@jalbum.net,Kazakh,146.249.144.221,L
891,Nial,Charle,ncharleoq@bbc.co.uk,Hungarian,100.165.251.68,XL
892,Wilburt,Woodman,wwoodmanor@goodreads.com,Tswana,38.149.155.112,XS
893,Dannel,Cullon,dcullonos@upenn.edu,Irish Gaelic,164.90.79.48,XL
894,Wilma,Madelin,wmadelinot@geocities.com,Nepali,176.214.210.58,S
895,Matty,Gosselin,mgosselinou@who.int,Gujarati,241.11.83.145,S
896,Kristo,Ivanchenkov,kivanchenkovov@arizona.edu,Hebrew,58.10.28.215,XL
897,Pinchas,Demonge,pdemongeow@pinterest.com,Malagasy,143.38.200.222,XS
898,Jsandye,Landor,jlandorox@senate.gov,Moldovan,54.177.243.94,XL
899,Aldus,Mesant,amesantoy@studiopress.com,Moldovan,187.124.41.79,XL
900,Cher,Osgar,cosgaroz@sbwire.com,Haitian Creole,79.14.0.173,M
901,Angelia,de Najera,adenajerap0@phoca.cz,Spanish,215.151.76.76,XS
902,Ingmar,Loynes,iloynesp1@toplist.cz,Catalan,243.87.88.179,3XL
903,Emmery,Hefforde,eheffordep2@freewebs.com,Czech,22.155.221.193,XL
904,Austina,Averill,aaverillp3@cnet.com,Georgian,23.201.165.226,XS
905,Danny,Landall,dlandallp4@desdev.cn,Tamil,116.146.117.23,XL
906,Sherline,Lahrs,slahrsp5@list-manage.com,Sotho,35.188.4.185,M
907,Lexie,Biddell,lbiddellp6@sfgate.com,Papiamento,182.201.232.28,XL
908,Murdoch,Braniff,mbraniffp7@guardian.co.uk,Dari,104.41.66.229,XS
909,Rusty,Alliberton,rallibertonp8@mashable.com,Spanish,38.49.156.8,3XL
910,Maury,Mcasparan,mmcasparanp9@themeforest.net,Sotho,210.200.70.50,3XL
911,Shay,Krikorian,skrikorianpa@opensource.org,Malayalam,33.244.137.209,S
912,Jere,Retallick,jretallickpb@amazon.co.jp,Armenian,113.18.208.100,XS
913,Lindie,Syddall,lsyddallpc@vimeo.com,Latvian,213.86.122.156,2XL
914,Mollee,McGaughie,mmcgaughiepd@goo.ne.jp,Dari,18.38.232.219,L
915,Douglas,Martinez,dmartinezpe@wikimedia.org,Irish Gaelic,36.242.15.59,M
916,Rozalin,Leggott,rleggottpf@cloudflare.com,Dari,227.142.143.90,L
917,Lonee,Salle,lsallepg@sfgate.com,Punjabi,189.66.72.187,3XL
918,Fredek,Girard,fgirardph@cisco.com,Filipino,167.183.79.219,XS
919,Tonya,Dyson,tdysonpi@epa.gov,Norwegian,78.92.77.119,XS
920,Mathian,Dutt,mduttpj@themeforest.net,Swahili,52.24.190.141,XS
921,Appolonia,Imason,aimasonpk@skype.com,Kashmiri,140.230.209.231,XS
922,Carlota,Zoppo,czoppopl@hp.com,English,134.26.163.236,2XL
923,Jorry,Sieve,jsievepm@digg.com,Hungarian,148.157.248.101,L
924,Giffard,Lettley,glettleypn@dell.com,Swedish,161.48.183.117,L
925,Benedick,Ziehms,bziehmspo@tripod.com,Hebrew,164.221.150.8,XS
926,Rutherford,Elphinstone,relphinstonepp@e-recht24.de,Zulu,204.202.164.65,2XL
927,Rosabel,Dumbrill,rdumbrillpq@odnoklassniki.ru,Aymara,163.225.201.51,L
928,Allina,Trase,atrasepr@bravesites.com,German,116.188.153.176,3XL
929,Cristian,Degnen,cdegnenps@sphinn.com,Italian,64.229.230.203,XL
930,Brockie,Leeson,bleesonpt@mlb.com,Chinese,156.221.158.203,XS
931,Myrah,Souttar,msouttarpu@google.de,Kannada,220.233.168.36,XS
932,Willi,Hanham,whanhampv@hhs.gov,Hebrew,135.116.112.0,XL
933,Prudence,Gaynsford,pgaynsfordpw@w3.org,Indonesian,192.29.224.135,M
934,Ragnar,Stansell,rstansellpx@tinyurl.com,Dhivehi,72.191.169.234,3XL
935,Darn,Milesap,dmilesappy@blogs.com,Tajik,113.39.159.241,L
936,Denice,O'Giany,dogianypz@sitemeter.com,Thai,169.196.194.159,S
937,Milo,Mawd,mmawdq0@discuz.net,Finnish,11.66.87.132,XL
938,Raphael,Downie,rdownieq1@4shared.com,Telugu,82.211.185.64,XL
939,Thomasine,Howlett,thowlettq2@discuz.net,Catalan,38.205.49.109,3XL
940,Emmi,Bowdrey,ebowdreyq3@weibo.com,Japanese,166.17.39.202,M
941,Scarface,Oliva,solivaq4@accuweather.com,Marathi,237.198.253.225,M
942,Johnnie,Scoines,jscoinesq5@sakura.ne.jp,Lao,120.41.210.170,XS
943,Elnora,Charlo,echarloq6@theatlantic.com,Tswana,18.108.84.139,M
944,Nathaniel,Burleigh,nburleighq7@ihg.com,Czech,182.106.226.0,M
945,Malinde,Charlwood,mcharlwoodq8@cdc.gov,Montenegrin,176.47.196.172,2XL
946,Ermina,Jayme,ejaymeq9@rediff.com,Tok Pisin,130.195.53.177,L
947,Cesya,Gaydon,cgaydonqa@omniture.com,Northern Sotho,85.74.29.154,XS
948,Odelle,Farherty,ofarhertyqb@psu.edu,Malagasy,179.141.172.28,M
949,Roy,Job,rjobqc@opera.com,Swahili,180.208.188.79,XL
950,Eamon,Slowley,eslowleyqd@tamu.edu,Persian,169.95.70.45,3XL
951,Crysta,Hartzog,chartzogqe@ehow.com,Sotho,33.231.154.46,XL
952,Daloris,Cranstoun,dcranstounqf@loc.gov,Bosnian,142.67.184.92,L
953,Wanda,Manvell,wmanvellqg@etsy.com,Lithuanian,121.227.104.52,L
954,Kristopher,Towns,ktownsqh@whitehouse.gov,Hungarian,155.198.177.170,XL
955,Kathryne,Thundercliffe,kthundercliffeqi@nps.gov,West Frisian,23.72.24.124,3XL
956,Thelma,Weitzel,tweitzelqj@amazon.co.uk,Portuguese,182.59.44.105,S
957,Cherri,Holwell,cholwellqk@so-net.ne.jp,Latvian,129.0.110.127,2XL
958,Adrian,Sans,asansql@bloomberg.com,Czech,153.136.85.172,L
959,Amil,Huleatt,ahuleattqm@theguardian.com,Dutch,242.162.179.214,XL
960,Laura,Durnin,ldurninqn@taobao.com,Dari,149.4.59.230,M
961,Julissa,Bowcock,jbowcockqo@yelp.com,Tamil,97.98.252.239,2XL
962,Griffy,Bazire,gbazireqp@networksolutions.com,Irish Gaelic,180.113.109.156,L
963,Jennee,Bellini,jbelliniqq@stanford.edu,New Zealand Sign Language,217.210.183.191,XS
964,Sib,Bramo,sbramoqr@huffingtonpost.com,Papiamento,57.21.83.37,XS
965,Tades,Keeri,tkeeriqs@narod.ru,Hungarian,177.139.165.69,XL
966,Averil,Rodrigo,arodrigoqt@huffingtonpost.com,Georgian,202.99.0.40,M
967,Xaviera,Wrightson,xwrightsonqu@comcast.net,Northern Sotho,199.247.50.194,XS
968,Axe,Di Lucia,adiluciaqv@symantec.com,Burmese,204.118.134.19,3XL
969,Celisse,Bril,cbrilqw@jiathis.com,Afrikaans,210.21.5.131,XS
970,Lurette,Matthewman,lmatthewmanqx@hp.com,Irish Gaelic,170.237.170.156,XL
971,Conn,Breckin,cbreckinqy@hostgator.com,Dhivehi,43.145.212.53,M
972,Lucretia,Dominichelli,ldominichelliqz@reddit.com,Italian,249.165.9.225,XL
973,Lark,Mendoza,lmendozar0@homestead.com,Japanese,118.137.24.191,XL
974,Moses,Bearcroft,mbearcroftr1@newyorker.com,Latvian,104.98.81.122,2XL
975,Juieta,Lyven,jlyvenr2@live.com,Chinese,1.102.104.13,L
976,Brock,Featherstone,bfeatherstoner3@statcounter.com,Lithuanian,144.195.37.66,L
977,Sidonia,Franke,sfranker4@nytimes.com,Catalan,108.50.166.94,M
978,Pascal,Welden,pweldenr5@va.gov,Romanian,128.146.80.25,XL
979,Brooke,Snoxall,bsnoxallr6@hexun.com,Fijian,126.78.237.206,XL
980,Annabelle,Plunket,aplunketr7@geocities.com,Romanian,77.117.136.58,XL
981,Ferrel,Julien,fjulienr8@fastcompany.com,Korean,90.240.206.112,M
982,Jandy,Fosdike,jfosdiker9@uiuc.edu,Tetum,108.141.61.156,M
983,Glynn,Spancock,gspancockra@wikipedia.org,Tajik,185.175.136.13,M
984,Alie,Gridon,agridonrb@washingtonpost.com,Thai,60.206.35.202,L
985,Ruddy,Dougal,rdougalrc@clickbank.net,Luxembourgish,6.187.151.142,XL
986,Hilda,Gregoratti,hgregorattird@seesaa.net,Dhivehi,253.171.150.9,3XL
987,Maryellen,Rapaport,mrapaportre@bandcamp.com,Moldovan,223.42.48.192,L
988,Mamie,Philipeaux,mphilipeauxrf@yelp.com,Azeri,118.185.197.30,3XL
989,Demetris,Wathell,dwathellrg@answers.com,Sotho,250.104.9.133,XL
990,Earvin,Damsell,edamsellrh@mtv.com,Luxembourgish,89.232.47.54,XS
991,Carolyne,Yegorov,cyegorovri@dion.ne.jp,Tamil,43.49.162.209,M
992,Tallie,Thinn,tthinnrj@squidoo.com,Mongolian,79.217.216.214,XS
993,Grantley,Tevelov,gtevelovrk@tumblr.com,French,1.28.75.97,XL
994,Sax,Belli,sbellirl@fotki.com,Burmese,41.27.250.45,XS
995,Neall,O' Cuolahan,nocuolahanrm@eventbrite.com,Croatian,121.133.49.195,S
996,Weber,Featonby,wfeatonbyrn@hexun.com,Somali,186.222.221.198,S
997,Harrietta,Joust,hjoustro@icq.com,Zulu,67.15.121.64,XS
998,Justine,O'Doran,jodoranrp@angelfire.com,Gagauz,67.129.164.62,S
999,Jamil,Vampouille,jvampouillerq@chicagotribune.com,Ndebele,50.141.101.93,S
1000,Fleming,Tarren,ftarrenrr@devhub.com,Bislama,176.138.100.122,2XL
